TILE,TAG_ID,SP,DBH_CM,sort,HEIGHT_M,L_D,Date,"CROWN 
HEIGHT","SCORCH 
HEIGHT",% SCORCH,new growth,NOTES,ERRORS
A-04,7015,PINPAL,36.2,z,10.6,D,4/4/23,na,na,NA,NA,,
A-04,6982,PINPAL,4.3,a,5.5,L,4/12/23,3.2,5.5,100,Y,,
A-04,6985,PINPAL,5.3,a,4.5,L,4/12/23,3.3,4.5,100,Y,,
A-04,6986,PINPAL,5.3,a,5.4,L,4/12/23,2.8,5.4,100,Y,burnt needles,
A-04,6987,PINPAL,5.3,a,4.6,L,4/12/23,2.2,4.6,100,Y,,
A-04,6988,PINPAL,4.3,a,3.7,L,4/12/23,2,3.7,100,Y,,
A-04,6989,PINPAL,8.8,a,8.4,L,4/12/23,1.8,8.4,100,Y,,
A-04,6990,PINPAL,4.4,a,3.3,L,4/12/23,1.6,3.3,100,Y,burnt needles,
A-04,6991,PINPAL,4.3,a,3.5,L,4/12/23,1.5,3.5,100,Y,burnt needles,
A-04,6992,PINPAL,3,a,2.3,L,4/12/23,1.7,2.3,100,Y,burnt needles,
A-04,6995,PINPAL,6.4,a,7.1,L,4/12/23,3.4,7.1,100,Y,burnt needles,
A-04,6996,PINPAL,5.4,a,5.7,L,4/12/23,2.6,5.7,100,Y,,
A-04,6997,PINPAL,3.8,a,3.8,L,4/12/23,3.1,3.8,100,Y,,
A-04,6998,PINPAL,9.8,a,8.4,L,4/12/23,4,8.4,100,Y,,
A-04,6999,PINPAL,4.3,a,4.7,L,4/12/23,2.8,4.7,100,Y,,
A-04,7001,PINPAL,4,a,5,L,4/12/23,4.2,5,100,Y,,
A-04,7002,PINPAL,4.1,a,4.6,L,4/12/23,2.5,4.6,100,Y,burnt needles,
A-04,7010,PINPAL,4.6,a,3.9,L,4/12/23,3.6,3.9,100,Y,,
A-04,7013,PINPAL,3,a,3,L,4/12/23,2.4,3,100,Y,,
A-04,7022,PINPAL,4.1,a,4.1,L,4/12/23,2.6,4.1,100,Y,,
A-04,7025,PINPAL,2.7,a,2.1,L,4/12/23,1.5,2.1,100,Y,burnt needles,
A-04,6993,PINPAL,10.8,y,9,L,4/4/23,3.5,9,100,NA,,
A-04,7003,PINPAL,6.1,a,6.3,L,4/12/23,2,6.3,99,Y,,
A-04,7008,PINPAL,4.1,a,3.7,L,4/12/23,2.4,3.7,99,Y,,
A-04,7009,PINPAL,5.6,a,6.4,L,4/12/23,3,6.4,99,Y,,
A-04,7011,PINPAL,5.1,a,5.2,L,4/12/23,3.3,5.2,99,Y,,
A-04,7019,PINPAL,43.6,z,23.6,L,4/4/23,14.7,19.7,90,NA,,
A-04,7005,PINPAL,9.1,a,9.7,L,4/12/23,3.9,9.7,75,Y,,
A-04,7007,PINPAL,41.1,z,20.4,L,4/4/23,7.3,14.4,50,NA,,
A-04,6978,PINPAL,18.4,y,12.1,L,4/4/23,5.1,11.1,45,NA,,
A-04,6977,PINPAL,40,z,25.5,L,4/4/23,10.8,19,30,NA,,
A-04,7018,PINPAL,44.2,z,24,L,4/4/23,8.9,10.3,10,NA,,
A-05,7275,PINPAL,16.8,y,15.4,L,4/4/23,5.9,5.9,1-5,NA,,
A-05,7216,PINPAL,4.1,a,3.6,L,4/12/23,2.2,3.6,100,Y,,
A-05,7221,PINPAL,5,a,5.4,L,4/12/23,3.7,5.4,100,Y,,
A-05,7231,PINPAL,5.6,a,7.9,L,4/12/23,4,7.9,100,Y,,
A-05,7286,PINPAL,5.9,a,7.8,L,4/12/23,3.5,7.8,100,N,,
A-05,7289,PINPAL,7,a,8.1,L,4/12/23,4.4,8.1,100,N,,
A-05,7290,PINPAL,6.4,a,5.4,L,4/12/23,3.8,5.4,100,Y,,
A-05,7295,PINPAL,5.9,a,7,L,4/12/23,5.5,7,100,Y,,
A-05,7297,PINPAL,3.6,a,4.8,L,4/12/23,4.1,4.8,100,Y,,
A-05,7298,PINPAL,5.7,a,7.6,L,4/12/23,4.9,7.6,100,NA,,
A-05,7450,PINPAL,4.5,a,6,L,4/12/23,3.8,6,100,Y,,
A-05,7453,PINPAL,3.2,a,4,L,4/12/23,1.5,4,100,Y,,
A-05,7454,PINPAL,4.4,a,4,L,4/12/23,3,4,100,Y,,
A-05,7455,PINPAL,5.8,a,7.2,L,4/12/23,3.4,7.2,100,Y,,
A-05,7456,PINPAL,5.5,a,6.7,L,4/12/23,3.4,6.7,100,Y,,
A-05,7457,PINPAL,4,a,4.3,L,4/12/23,4,4.3,100,Y,,
A-05,7458,PINPAL,3.7,a,4.4,L,4/12/23,3.3,4.4,100,Y,,
A-05,7459,PINPAL,7.4,a,8.8,L,4/12/23,4.4,8.8,100,Y,,
A-05,7460,PINPAL,4.5,a,5.5,L,4/12/23,3.7,8.3,100,Y,,
A-05,7468,PINPAL,6.6,a,5.8,L,4/12/23,2.2,5.8,100,Y,,
A-05,7469,PINPAL,3.5,a,2.5,L,4/12/23,2.2,2.5,100,Y,,
A-05,7471,PINPAL,4.8,a,3.7,L,4/12/23,2.2,3.7,100,Y,,
A-05,7473,PINPAL,2.2,a,1.9,L,4/12/23,1.5,1.9,100,Y,,
A-05,7477,PINPAL,7,a,8.7,L,4/12/23,3,8.7,100,Y,,
A-05,7479,PINPAL,8.4,a,9,L,4/12/23,3,9,100,Y,,
A-05,7478,PINPAL,11.4,y,12.5,L,4/5/23,5.5,12.5,100,NA,,
A-05,7214,PINPAL,8,a,8.3,L,4/12/23,3.2,8.3,99,NA,,
A-05,7215,PINPAL,7.2,a,7.6,L,4/12/23,2.5,7.6,99,NA,,
A-05,7292,PINPAL,9.7,a,11.6,L,4/12/23,8.4,11.6,99,NA,,
A-05,7449,PINPAL,6.5,a,9.5,L,4/12/23,5,9.5,99,NA,,
A-05,7452,PINPAL,5.8,a,7.4,L,4/12/23,2.2,7.4,99,Y,,
A-05,7466,PINPAL,5,a,3.4,L,4/12/23,2.7,3.4,99,Y,,
A-05,7476,PINPAL,9.8,a,11.6,L,4/12/23,3,11.6,99,Y,,
A-05,7226,PINPAL,8.3,a,9.8,L,4/12/23,5.8,9.8,95,NA,,
A-05,7256,PINPAL,5.5,a,5.3,L,4/12/23,3.7,5.3,95,Y,,
A-05,7274,PINPAL,5,a,6.2,L,4/12/23,3,6.2,95,Y,,"field data sheet % scorch says 9.5, believed to be a misrecord"
A-05,7299,PINPAL,9.6,a,11.6,L,4/12/23,5.3,11.4,95,NA,,
A-05,7467,PINPAL,7.9,a,6.5,L,4/12/23,4.4,6.5,95,Y,,
A-05,7472,PINPAL,8.9,a,12,L,4/12/23,3.2,12,95,Y,,
A-05,7222,PINPAL,12.5,y,13.2,L,4/4/23,4.9,13.2,95,NA,,
A-05,7223,PINPAL,19.3,y,17.2,L,4/4/23,5.7,17.2,95,NA,,
A-05,7451,PINPAL,10.5,y,9.9,L,4/4/23,3.9,10.2,95,NA,,
A-05,7474,PINPAL,13.9,y,11.6,L,4/5/23,5.3,11.5,95,NA,,
A-05,7273,PINPAL,4.1,a,4.6,L,4/12/23,2.6,4.6,90,Y,,
A-05,7282,PINPAL,5.3,a,6.4,L,4/12/23,4,6.4,90,Y,,
A-05,7284,PINPAL,7.5,a,9.6,L,4/12/23,3.3,9.6,90,NA,,
A-05,7465,PINPAL,8.5,a,5,L,4/12/23,3.1,5,90,NA,,
A-05,7293,PINPAL,13.5,y,13.8,L,4/5/23,11.1,13.8,90,NA,,
A-05,7296,PINPAL,10.4,y,12.7,L,4/4/23,6.2,11.5,90,NA,,
A-05,7300,PINPAL,12.3,y,12.6,L,4/5/23,8.6,12.7,85,NA,,
A-05,7229,PINPAL,10.9,y,12.4,L,4/5/23,6.2,12.4,80,NA,,
A-05,7230,PINPAL,11.8,y,14.4,L,4/5/23,8.4,14.4,80,NA,,
A-05,7217,PINPAL,46.3,z,22,L,4/4/23,5.9,19.3,80,NA,,
A-05,7461,PINPAL,10.2,y,11.7,L,4/5/23,10.6,10.5,75,NA,,
A-05,7224,PINPAL,20,z,14.7,L,4/4/23,6.5,14.4,75,NA,,
A-05,7291,PINPAL,10.6,y,12.7,L,4/5/23,8.1,12.5,50,NA,,
A-05,7470,PINPAL,16.4,y,14.3,L,4/5/23,4.8,14.3,50,NA,,
A-05,7481,PINPAL,3.5,a,2.5,L,4/12/23,0.8,2.2,45,Y,,
A-05,7241,PINPAL,6.7,a,10.4,L,4/12/23,2.7,10.4,30,Y,,
A-05,7238,PINPAL,8.6,a,9.8,L,4/12/23,3.5,9.1,25,NA,,
A-05,7462,PINPAL,9.7,a,11.1,L,4/12/23,2.4,7.6,25,NA,,
A-05,7232,PINPAL,16.2,y,16.3,L,4/5/23,11.2,14.7,25,NA,,
A-05,7228,PINPAL,17.5,y,16.2,L,4/4/23,7.3,12.7,20,NA,,
A-05,7227,PINPAL,14.7,y,16,L,4/4/23,8.2,10.2,15,NA,,
A-05,7265,PINPAL,12.7,y,13,L,4/5/23,3.8,5.1,15,NA,,
A-05,7233,PINPAL,11.8,y,11.6,L,4/5/23,7,6.9,5,NA,,
A-05,7285,PINPAL,13.9,y,15.1,L,4/5/23,10.5,11.3,5,NA,,
A-05,7463,PINPAL,15.2,y,13.6,L,4/5/23,5.8,5.1,5,NA,,
A-05,7240,PINPAL,26.1,z,15.5,L,4/4/23,5.6,6.2,5,NA,,
A-05,7464,PINPAL,10.2,y,11.6,L,4/5/23,7.4,6.4,1,NA,,
A-05,7255,PINPAL,11,y,11.1,L,4/5/23,7,NA,0,NA,,
A-05,7257,PINPAL,21.2,z,14.7,L,4/4/23,5.7,14.7,0,NA,,
A-06,7625,PINPAL,12,y,13.3,L,4/4/23,5.2,5.4,1-5,NA,,
A-06,7631,PINPAL,15.2,y,13.3,L,4/4/23,4.5,6.8,1-5,NA,,
A-06,7612,PINPAL,37,z,17.6,L,4/4/23,7.2,8,1-5,NA,,
A-06,7574,PINPAL,2.8,a,3,L,4/12/23,2,3,100,Y,new height,
A-06,7575,PINPAL,2.3,a,2.2,L,4/12/23,1.2,2.2,100,Y,,
A-06,7632,PINPAL,2.7,a,2.3,L,4/12/23,2.2,2.3,100,Y,,
A-06,7565,PINPAL,14.5,y,10.7,L,4/4/23,2.2,10.7,90,NA,,
A-06,7660,PINPAL,6.3,a,8.2,L,4/12/23,3,6.9,70,NA,,
A-06,7630,PINPAL,5,a,5,L,4/12/23,2.9,6.6,60,Y,new height of 7.3,
A-06,7626,PINPAL,7.9,a,9.5,L,4/12/23,3.2,5.5,10,NA,,
A-06,7627,PINPAL,16.3,y,13.7,L,4/4/23,4,7.2,10,NA,,
A-06,7655,PINPAL,16,y,13.5,L,4/4/23,5.6,7.3,10,NA,,
A-06,7662,PINPAL,22,z,16,L,4/4/23,8.5,12,10,NA,,
A-06,7494,PINPAL,14.9,y,15.3,L,4/4/23,7.2,7.3,1,NA,,
A-06,7641,PINPAL,6,a,7.8,L,4/12/23,5.3,NA,0,NA,,
B-04,4281,PINPAL,34.6,z,9,D,4/4/23,NA,NA,NA,NA,,
B-04,4271,PINPAL,4.8,a,4.4,L,4/12/23,2.2,4.4,100,Y,burnt needles,
B-04,4272,PINPAL,2.8,a,2.5,L,4/12/23,2.8,2.5,100,Y,burnt needles,
B-04,4273,PINPAL,3.8,a,3.5,L,4/12/23,2.1,3.5,100,Y,burnt needles,
B-04,4274,PINPAL,3.2,a,3.2,L,4/12/23,1.6,3.2,100,Y,,
B-04,4275,PINPAL,1.6,a,1.5,L,4/12/23,1.2,1.5,100,Y,burnt needles,
B-04,4270,PINPAL,6.7,a,6.7,L,4/12/23,2.6,6.7,99,Y,,
B-04,4268,PINPAL,50,z,24.6,L,4/4/23,9,25.5,95,NA,,
B-04,4264,PINPAL,45.2,z,25,L,4/4/23,12.4,25,90,NA,,
B-04,4276,PINPAL,33.5,z,22,L,4/4/23,10.2,22,90,NA,no tag,
B-04,4284,PINPAL,28.9,z,20,L,4/4/23,12.5,20,60,NA,,
B-04,4286,PINPAL,49.1,z,22.4,L,4/4/23,7.6,19.6,50,NA,,
B-04,4263,PINPAL,35.6,z,23.1,L,4/4/23,6.4,14.4,25,NA,,
B-04,4280,PINPAL,49.5,z,25.7,L,4/4/23,10.1,19.4,15,NA,melted tag,
B-04,4288,PINPAL,34.7,z,20.2,L,4/4/23,9,11.8,5,NA,,
B-05,4305,PINPAL,12.2,y,12.4,L,4/4/23,4.4,6.6,1-5,NA,,
B-05,4311,PINPAL,2.5,a,1.9,L,4/12/23,0.9,1.9,100,Y,burnt needles,
B-05,4315,PINPAL,51.6,z,20,L,4/4/23,5.7,18,85,NA,no tag,
B-05,4316,PINPAL,49.9,z,23.9,L,4/4/23,10.5,22.6,70,NA,no tag,
B-05,4314,PINPAL,43.2,z,22,L,4/4/23,9,17.4,55,NA,,
B-05,4294,PINPAL,50.6,z,20.3,L,4/4/23,6.8,17.3,45,NA,no tag,
B-05,4312,PINPAL,49.2,z,22.2,L,4/4/23,5.9,15.7,35,NA,no tag,
B-05,4293,PINPAL,47.7,z,25,L,4/4/23,5.7,15.6,5,NA,,
B-06,4951,PINPAL,2.3,a,2,L,4/12/23,1.2,2,100,Y,burnt needles,
B-06,6065,PINPAL,3,a,2.4,L,4/12/23,1.2,2.4,100,Y,burnt needles,
B-06,6082,PINPAL,3.4,a,1.8,L,4/12/23,1.3,1.8,100,Y,burnt needles,
B-06,6083,PINPAL,2.4,a,2.1,L,4/12/23,0.8,2.1,100,Y,burnt needles,
B-06,6100,PINPAL,2.8,a,2.3,L,4/12/23,0.8,2.3,100,Y,burnt needles,
B-06,4950,PINPAL,3.3,a,2.5,L,4/12/23,1.2,2.3,99,Y,burnt needles,
B-06,6056,PINPAL,2.9,a,2.4,L,4/12/23,1.4,2.4,99,Y,,
B-06,6064,PINPAL,2.8,a,1.8,L,4/12/23,1,1.8,99,Y,burnt needles,
B-06,6066,PINPAL,2.9,a,2.1,L,4/12/23,0.7,2.1,99,Y,burnt needles,
B-06,6067,PINPAL,2.9,a,2.1,L,4/12/23,1.3,2.1,99,Y,burnt needles,
B-06,6084,PINPAL,2.6,a,1.4,L,4/12/23,1,1.4,99,Y,burnt needles,
B-06,6088,PINPAL,2.9,a,2.5,L,4/12/23,1.6,2.5,99,Y,,
B-06,6090,PINPAL,3,a,2.4,L,4/12/23,1.2,2.4,99,Y,burnt needles,
B-06,6093,PINPAL,2,a,1.9,L,4/12/23,0.9,1.9,99,Y,burnt needles,
B-06,6094,PINPAL,2.1,a,1.8,L,4/12/23,0.5,1.8,99,Y,burnt needles,
B-06,6095,PINPAL,2.3,a,1.6,L,4/12/23,1.1,1.6,99,Y,burnt needles,
B-06,6096,PINPAL,2.2,a,1.9,L,4/12/23,1.1,1.9,99,Y,burnt needles,
B-06,6097,PINPAL,2,a,1.7,L,4/12/23,1.1,1.7,99,Y,burnt needles,
B-06,6099,PINPAL,2.3,a,2.1,L,4/12/23,1.1,2.1,99,Y,burnt needles,
B-06,6055,PINPAL,4.7,a,3.6,L,4/12/23,1.1,3.6,95,Y,burnt needles,
B-06,6060,PINPAL,3.1,a,2.2,L,4/12/23,1.1,2.2,95,Y,,
B-06,6085,PINPAL,2.3,a,1.9,L,4/12/23,1.2,1.9,95,NA,,
B-06,6086,PINPAL,2,a,1.7,L,4/12/23,0.6,1.7,95,Y,burnt needles,
B-06,6087,PINPAL,2,a,1.8,L,4/12/23,0.6,1.8,95,Y,burnt needles,
B-06,6091,PINPAL,2.8,a,2.4,L,4/12/23,0.8,2.4,95,Y,,
B-06,6098,PINPAL,3.7,a,2.8,L,4/12/23,1.3,2.8,95,Y,burnt needles,
B-06,6089,PINPAL,1.8,a,1.6,L,4/12/23,0.8,1.6,90,Y,burnt needles,
B-06,4960,PINPAL,41.7,z,21.5,L,4/4/23,6.2,15.3,30,NA,no tag,
B-06,6061,PINPAL,49.2,z,22.2,L,4/4/23,7.6,15.2,30,NA,,
B-06,4959,PINPAL,44.9,z,21.2,L,4/4/23,8.6,20.2,5,NA,,
B-07,4982,PINPAL,6.4,a,6.3,L,4/13/23,2.7,6.3,100,N,,
B-07,4983,PINPAL,3.6,a,2.7,L,4/13/23,1.4,2.7,100,Y,burnt needles,
B-07,4984,PINPAL,6,a,4,L,4/13/23,3.2,4,100,Y,,
B-07,4992,PINPAL,1.9,a,1.8,L,4/13/23,1,1.8,100,Y,burnt needles,
B-07,6106,PINPAL,2.1,a,1.8,L,4/13/23,1,1.8,100,Y,burnt needles,
B-07,6108,PINPAL,3.4,a,2.2,L,4/13/23,0.8,2.2,100,Y,burnt needles,
B-07,4985,PINPAL,5.6,a,4.8,L,4/13/23,2.1,4.8,99,Y,burnt needles,
B-07,4991,PINPAL,8.1,a,6.5,L,4/13/23,2.2,6.5,99,Y,,
B-07,6104,PINPAL,2.2,a,1.8,L,4/13/23,1.4,1.8,99,Y,burnt needles,
B-07,6105,PINPAL,2,a,1.5,L,4/13/23,0.9,1.5,99,Y,burnt needles,
B-07,4987,PINPAL,20.2,z,11.5,L,4/4/23,3.6,11.5,85,NA,,
B-07,4994,PINPAL,34,z,19.9,L,4/4/23,8.5,11,10,NA,,
B-07,4988,PINPAL,25.4,z,15.1,L,4/4/23,8.1,NA,0,NA,,
C-04,11005,PINPAL,2.4,a,1.9,L,4/12/23,1.5,1.9,100,Y,burnt needles,
C-04,11006,PINPAL,6.5,a,6.7,L,4/12/23,2.7,6.7,100,Y,,
C-04,11007,PINPAL,2.6,a,1.9,L,4/12/23,1.4,1.9,100,Y,burnt needles,
C-04,11014,PINPAL,5.8,a,5.9,L,4/12/23,2.3,5.9,100,Y,,
C-04,11015,PINPAL,5.8,a,4.9,L,4/12/23,3,4.9,100,Y,burnt needles,
C-04,11016,PINPAL,5.3,a,5,L,4/12/23,3.5,5,100,Y,,
C-04,11019,PINPAL,3.3,a,2.2,L,4/12/23,2.2,2.2,100,Y,burnt needles,
C-04,11020,PINPAL,3.1,a,1.7,L,4/12/23,1.5,1.7,100,Y,burnt needles,
C-04,11034,PINPAL,3.3,a,2.7,L,4/12/23,2,2.7,100,Y,burnt needles,
C-04,11040,PINPAL,4.5,a,4.1,L,4/12/23,2.6,4.1,100,Y,,
C-04,11041,PINPAL,3.5,a,2.5,L,4/12/23,2.2,2.5,100,Y,burnt needles,
C-04,11055,PINPAL,2.9,a,2.6,L,4/12/23,2,2.6,100,Y,,
C-04,11057,PINPAL,3,a,1.6,L,4/12/23,1.4,1.6,100,Y,burnt needles,
C-04,11008,PINPAL,5.5,a,6.1,L,4/12/23,3.1,6.1,99,Y,,
C-04,11009,PINPAL,7.2,a,7.6,L,4/12/23,2.7,7.6,99,Y,,
C-04,11030,PINPAL,3.2,a,2.4,L,4/12/23,1.2,2.4,99,Y,burnt needles,
C-04,11032,PINPAL,3.3,a,3.8,L,4/12/23,2.4,3.8,99,Y,,
C-04,11035,PINPAL,3.6,a,3.7,L,4/12/23,2.2,3.2,99,Y,,
C-04,11036,PINPAL,4.8,a,5.2,L,4/12/23,2.8,5.2,99,Y,,
C-04,11038,PINPAL,4.3,a,3.2,L,4/12/23,2,3.2,99,Y,,
C-04,11061,PINPAL,5.4,a,5.3,L,4/12/23,3,5.3,99,Y,,
C-04,11062,PINPAL,5.4,a,5.3,L,4/12/23,2.8,5.3,99,Y,,
C-04,11017,PINPAL,5.5,a,5.2,L,4/12/23,3.1,5.2,95,Y,,
C-04,11031,PINPAL,5,a,5.5,L,4/12/23,3.7,5.5,95,Y,,
C-04,11039,PINPAL,2.5,a,1.7,L,4/12/23,1.5,1.7,95,Y,,
C-04,11046,PINPAL,5.5,a,5.4,L,4/12/23,2.3,5.4,95,Y,,
C-04,11050,PINPAL,3.1,a,4.2,L,4/12/23,2.2,4.2,95,Y,,
C-04,11052,PINPAL,6.8,a,6.8,L,4/12/23,3,6.8,95,Y,,
C-04,11059,PINPAL,4.5,a,4.5,L,4/12/23,2.4,4.5,95,Y,,
C-04,11077,PINPAL,5.7,a,6.1,L,4/12/23,3.4,6.1,95,NA,,
C-04,11029,PINPAL,42.8,z,18.4,L,4/4/23,5.8,19.4,95,NA,,
C-04,11012,PINPAL,5.2,a,5.4,L,4/12/23,2.6,5.4,90,Y,,
C-04,11013,PINPAL,6.6,a,6.4,L,4/12/23,3.6,6.4,90,Y,,
C-04,11018,PINPAL,5.2,a,4.6,L,4/12/23,2.2,4.6,90,Y,,
C-04,11056,PINPAL,6.5,a,6.9,L,4/12/23,2.9,6.9,90,Y,,
C-04,11073,PINPAL,3.4,a,3.9,L,4/12/23,3.1,3.9,85,Y,,
C-04,11021,PINPAL,5.2,a,5.8,L,4/12/23,3.3,5.8,75,Y,,
C-04,11074,PINPAL,6.5,a,6,L,4/12/23,3,5.7,55,Y,,
C-04,11068,PINPAL,12.6,y,10.4,L,4/4/23,4.3,8.8,50,NA,,
C-04,11076,PINPAL,11.3,y,10.2,L,4/4/23,5.8,7.6,50,NA,,
C-04,11072,PINPAL,6,a,6.4,L,4/12/23,3,4.8,40,Y,,
C-04,11022,PINPAL,50.2,z,20.9,L,4/4/23,9.2,17.6,10,NA,,
C-05,13067,PINPAL,2.8,a,3.5,L,4/12/23,2.4,3.5,100,Y,,
C-05,13068,PINPAL,3.9,a,5.4,L,4/12/23,3.3,5.4,100,Y,,
C-05,13075,PINPAL,3,a,2.2,L,4/12/23,2,2.2,100,Y,,
C-05,13080,PINPAL,2.4,a,2,L,4/12/23,1.4,2,100,Y,burnt needles,
C-05,13085,PINPAL,2.4,a,2.3,L,4/12/23,1.8,2.3,100,Y,,
C-05,13092,PINPAL,2.6,a,3.6,L,4/12/23,2.4,3.6,100,Y,,
C-05,13171,PINPAL,3.6,a,4.3,L,4/12/23,3.8,4.3,100,Y,,
C-05,13065,PINPAL,5.9,a,6.9,L,4/12/23,1.6,6.9,99,Y,,
C-05,13069,PINPAL,3,a,2.1,L,4/12/23,1,2.1,99,Y,,
C-05,13073,PINPAL,3.6,a,5.9,L,4/12/23,2,5.9,99,Y,,
C-05,13077,PINPAL,4,a,3.9,L,4/12/23,2.4,3.9,99,Y,,
C-05,13127,PINPAL,7.9,a,7.3,L,4/12/23,2.8,7.3,99,Y,,
C-05,13166,PINPAL,4.5,a,5.3,L,4/12/23,2.7,5.3,99,Y,,
C-05,13167,PINPAL,6.1,a,7.4,L,4/12/23,2.9,7.4,99,Y,,
C-05,13170,PINPAL,6.7,a,7.1,L,4/12/23,3.3,7.1,99,NA,,
C-05,13066,PINPAL,5.3,a,5.7,L,4/12/23,3,5.7,95,Y,,
C-05,13125,PINPAL,7.8,a,7,L,4/12/23,2.6,7,95,Y,,
C-05,13163,PINPAL,3.8,a,4.6,L,4/12/23,2.4,4.6,95,Y,,
C-05,13164,PINPAL,6.4,a,6.9,L,4/12/23,2.9,6.9,95,Y,,
C-05,13076,PINPAL,5.2,a,5.5,L,4/12/23,2.3,5.5,90,NA,,
C-05,13096,PINPAL,2.4,a,3.1,L,4/12/23,2.3,3.1,90,N,,
C-05,13126,PINPAL,7.2,a,9,L,4/12/23,3.8,9,90,Y,,
C-05,13087,PINPAL,4,a,5.1,L,4/12/23,2,5.1,85,Y,,
C-05,13093,PINPAL,5,a,4.7,L,4/12/23,2.3,4.7,80,Y,,
C-05,13088,PINPAL,3.6,a,5.2,L,4/12/23,2.8,4,65,NA,,
C-05,13095,PINPAL,4.7,a,5.8,L,4/12/23,2.6,5.8,65,Y,,
C-05,13101,PINPAL,2.1,a,3.1,L,4/12/23,2.2,3.1,60,NA,,
C-05,13106,PINPAL,8,a,7.2,L,4/12/23,2.8,7,50,Y,,
C-05,13100,PINPAL,9.9,a,10.5,L,4/12/23,4.1,7.8,30,Y,,
C-05,13090,PINPAL,8.5,a,8.5,L,4/12/23,3.5,5,20,NA,,
C-05,13091,PINPAL,5.8,a,7.2,L,4/12/23,4,7.2,20,Y,,
C-05,13107,PINPAL,49.9,z,20.6,L,NA,7.4,15.8,20,NA,,
C-05,13086,PINPAL,7,a,8.2,L,4/12/23,4.3,8.2,10,NA,,
C-05,13089,PINPAL,5.5,a,7.7,L,4/12/23,4.6,4.9,10,NA,,
C-05,13099,PINPAL,5,a,6.3,L,4/12/23,3.2,4,10,Y,,
C-05,13136,PINPAL,52.6,z,22.3,L,NA,7,13.8,10,NA,,
C-05,13094,PINPAL,9.1,a,10.9,L,4/12/23,6.4,6.9,5,NA,,
C-06,9798,PINPAL,52.1,z,19.1,D,4/4/23,NA,NA,NA,NA,,
C-06,9903,PINPAL,5.2,a,4.9,L,4/12/23,2.2,4.9,100,Y,burnt needles,
C-06,9906,PINPAL,3.7,a,4.7,L,4/12/23,3.4,4.7,100,Y,,
C-06,9905,PINPAL,6,a,8,L,4/12/23,3.2,8,99,Y,,
C-06,9923,PINPAL,7.3,a,7.3,L,4/12/23,2,7.3,99,Y,,
C-06,9922,PINPAL,9.2,a,7.1,L,4/12/23,2.4,7,90,Y,,
C-06,9925,PINPAL,7.6,a,9,L,4/12/23,1.9,9,90,N,,
C-06,9926,PINPAL,10.7,y,9.7,L,4/4/23,3.1,9.6,70,NA,,
C-06,9921,PINPAL,34.1,z,19.7,L,4/4/23,8.8,18.6,70,NA,no tag,
C-06,9939,PINPAL,50.2,z,25.4,L,4/4/23,9.1,23,55,NA,,
C-06,9912,PINPAL,43.1,z,23.2,L,4/4/23,8.9,15,10,NA,,
C-06,9901,PINPAL,52.9,z,26.2,L,4/4/23,12.3,13.2,5,NA,,
C-07,9944,PINPAL,5.6,a,4.6,L,4/12/23,1.6,4.6,95,Y,burnt needles,
C-07,9968,PINPAL,38.2,z,15.9,L,4/4/23,6.6,15.5,80,NA,,
C-07,9945,PINPAL,46.3,z,18.4,L,4/4/23,5.1,11.8,50,NA,,
C-07,9941,PINPAL,50.3,z,20.8,L,4/4/23,6.8,18.7,35,NA,,
C-07,9960,PINPAL,20,z,15,L,4/4/23,4.4,6.3,1,NA,,
C-10,12847,PINPAL,14,y,12.4,L,4/5/23,4.7,7.7,1-5,NA,,
C-10,12810,PINPAL,4.3,a,4,L,4/13/23,1.7,4,100,Y,burnt needles,
C-10,12830,PINPAL,2.9,a,2.3,L,4/13/23,0.9,2.3,100,Y,burnt needles,
C-10,12863,PINPAL,4.5,a,4,L,4/13/23,1.5,4,99,Y,,
C-10,12864,PINPAL,6.4,a,4,L,4/13/23,1.6,4,99,Y,,
C-10,12865,PINPAL,5.4,a,3.7,L,4/13/23,1.3,3.7,99,Y,,
C-10,12867,PINPAL,5.2,a,2.9,L,4/13/23,1.2,2.9,99,Y,burnt needles,
C-10,12868,PINPAL,6.3,a,3.4,L,4/13/23,1.2,3.4,99,Y,burnt needles,
C-10,12872,PINPAL,5,a,3.6,L,4/13/23,1.4,3.6,99,Y,burnt needles,
C-10,12882,PINPAL,4.5,a,2.4,L,4/13/23,1,2.4,99,Y,burnt needles,
C-10,12889,PINPAL,4.6,a,4.4,L,4/13/23,1,4.4,99,Y,,
C-10,12891,PINPAL,3.7,a,2.3,L,4/13/23,0.9,2.3,99,NA,,
C-10,12804,PINPAL,3.8,a,2.8,L,4/13/23,1.3,2.8,95,Y,burnt needles,
C-10,12809,PINPAL,5.6,a,3.3,L,4/13/23,1.5,3.3,95,Y,,
C-10,12813,PINPAL,4.2,a,3.3,L,4/13/23,1.1,3.3,95,Y,burnt needles,
C-10,12821,PINPAL,5.7,a,4.6,L,4/13/23,0.8,4.6,95,Y,,
C-10,12822,PINPAL,4,a,2.9,L,4/13/23,1,2.9,95,Y,,
C-10,12866,PINPAL,5.5,a,4,L,4/13/23,1.2,4,95,Y,,
C-10,12869,PINPAL,7,a,4.8,L,4/13/23,1.8,4.8,95,Y,,
C-10,12871,PINPAL,6.5,a,4.1,L,4/13/23,0.7,4.1,95,Y,burnt needles,
C-10,12873,PINPAL,7.6,a,4.5,L,4/13/23,0.8,4.5,95,Y,,
C-10,12881,PINPAL,4.6,a,3,L,4/13/23,1.4,3,95,Y,,
C-10,12883,PINPAL,3.7,a,2.6,L,4/13/23,1,2.6,95,Y,burnt needles,
C-10,12885,PINPAL,4.4,a,3.4,L,4/13/23,1.2,3.4,95,Y,,
C-10,12887,PINPAL,4.3,a,3.1,L,4/13/23,0.9,3.1,95,Y,,
C-10,12890,PINPAL,2.7,a,2.3,L,4/13/23,1.7,2.3,95,Y,,
C-10,12898,PINPAL,4.4,a,3,L,4/13/23,1.2,3,95,Y,,
C-10,12801,PINPAL,5.8,a,4.1,L,4/13/23,0.5,4.1,90,Y,,
C-10,12805,PINPAL,6.3,a,4,L,4/13/23,1.3,4,90,Y,,
C-10,12814,PINPAL,4.5,a,3.3,L,4/13/23,1.2,3.3,90,Y,,
C-10,12816,PINPAL,5.4,a,3.8,L,4/13/23,1,3.8,90,Y,burnt needles,
C-10,12823,PINPAL,4.5,a,4.7,L,4/13/23,2.6,4.7,90,Y,,
C-10,12824,PINPAL,4.9,a,4.7,L,4/13/23,1.2,4.7,90,Y,burnt needles,
C-10,12842,PINPAL,2.4,a,2.1,L,4/13/23,1.1,2.1,90,Y,,
C-10,12860,PINPAL,5.7,a,3.6,L,4/13/23,1,3.6,90,Y,,
C-10,12870,PINPAL,6.2,a,4.3,L,4/13/23,1.9,4.3,90,Y,,
C-10,12875,PINPAL,3.9,a,2.9,L,4/13/23,0.4,2.9,90,Y,burnt needles,
C-10,12880,PINPAL,3.9,a,3.2,L,4/13/23,1,3.2,90,Y,burnt needles,
C-10,12884,PINPAL,5.6,a,4.4,L,4/13/23,1,4.4,90,Y,,
C-10,12886,PINPAL,4,a,2.5,L,4/13/23,1.4,2.5,90,Y,,
C-10,12893,PINPAL,4.7,a,3.5,L,4/13/23,1.4,3.5,90,Y,,
C-10,12900,PINPAL,4.8,a,3.7,L,4/13/23,1.6,3.7,90,Y,,
C-10,12901,PINPAL,4.3,a,3.6,L,4/13/23,1.3,3.6,90,Y,burnt needles,
C-10,12699,PINPAL,4.1,a,2.7,L,4/13/23,1.2,2.7,85,Y,,
C-10,12700,PINPAL,5.5,a,4.1,L,4/13/23,1.8,4.1,85,Y,,
C-10,12802,PINPAL,5.4,a,3.4,L,4/13/23,1.4,3.4,85,Y,,
C-10,12825,PINPAL,2.8,a,2.2,L,4/13/23,1.3,2.2,85,Y,,
C-10,12840,PINPAL,3.1,a,3,L,4/13/23,1.2,3,85,Y,,
C-10,12853,PINPAL,4.8,a,3.8,L,4/13/23,0.8,3.8,85,Y,,
C-10,12874,PINPAL,5.5,a,3.4,L,4/13/23,1,3.4,85,Y,burnt needles,
C-10,12879,PINPAL,4.7,a,3.4,L,4/13/23,1,3.4,85,Y,burnt needles,
C-10,12894,PINPAL,4,a,3.1,L,4/13/23,1.1,3.1,85,Y,,
C-10,12895,PINPAL,5.3,a,3.7,L,4/13/23,1.2,3.7,85,Y,burnt needles,
C-10,12896,PINPAL,5.3,a,3.2,L,4/13/23,1.6,3.2,85,Y,,
C-10,12806,PINPAL,5.1,a,3.3,L,4/13/23,2,3.3,80,Y,,
C-10,12807,PINPAL,3.6,a,3,L,4/13/23,1.3,3,80,Y,,
C-10,12808,PINPAL,4.1,a,2.9,L,4/13/23,1.4,2.9,80,Y,,
C-10,12837,PINPAL,4,a,2.8,L,4/13/23,1.4,2.8,80,Y,,
C-10,12854,PINPAL,6.1,a,4.5,L,4/13/23,1.1,4.5,80,Y,,
C-10,12862,PINPAL,4,a,2.9,L,4/13/23,0.8,2.9,80,Y,,
C-10,12892,PINPAL,5.7,a,4,L,4/13/23,0.8,4,80,Y,,
C-10,12899,PINPAL,6.4,a,4.9,L,4/13/23,1,4.9,80,Y,burnt needles,
C-10,12902,PINPAL,5.7,a,4.7,L,4/13/23,1.4,4.4,80,Y,,
C-10,12815,PINPAL,6.8,a,4.8,L,4/13/23,0.6,4.8,75,Y,,
C-10,12817,PINPAL,6.5,a,4.9,L,4/13/23,1.3,4.1,75,Y,,
C-10,12857,PINPAL,3.2,a,2.2,L,4/13/23,1.2,2.2,75,Y,,
C-10,12850,PINPAL,4.8,a,3,L,4/13/23,1,3,70,Y,,
C-10,12861,PINPAL,3.2,a,2.4,L,4/13/23,1.3,2.4,70,Y,,
C-10,12876,PINPAL,5.6,a,4.1,L,4/13/23,1.6,3.4,70,Y,,
C-10,12697,PINPAL,3.8,a,3.1,L,4/13/23,1.6,3.1,65,Y,,
C-10,12698,PINPAL,3.3,a,2.8,L,4/13/23,1.2,2.8,65,Y,,
C-10,12859,PINPAL,5.6,a,4,L,4/13/23,0.9,4,65,Y,,
C-10,12877,PINPAL,8.1,a,4.5,L,4/13/23,0.6,4.5,65,Y,burnt needles,
C-10,12897,PINPAL,6.3,a,3.7,L,4/13/23,0.9,3.7,65,Y,burnt needles,
C-10,12818,PINPAL,7,a,4.6,L,4/13/23,1.1,4,60,Y,,
C-10,12820,PINPAL,5.4,a,3.2,L,4/13/23,0.7,3.9,60,Y,,
C-10,12855,PINPAL,6.9,a,4.9,L,4/13/23,0.9,4.5,60,Y,,
C-10,12856,PINPAL,5.7,a,3.6,L,4/13/23,0.8,3.3,60,Y,,
C-10,12849,PINPAL,4.1,a,3,L,4/13/23,1.4,3,55,Y,,
C-10,12851,PINPAL,3.5,a,2.6,L,4/13/23,1.1,2.6,55,Y,,
C-10,12858,PINPAL,4.6,a,2.8,L,4/13/23,0.9,2.8,50,Y,,
C-10,12819,PINPAL,6.3,a,4.9,L,4/13/23,1.8,3.7,45,Y,,
C-10,12838,PINPAL,6.9,a,6.8,L,4/13/23,1.6,4,45,Y,,
C-10,12803,PINPAL,6.2,a,4.3,L,4/13/23,1.9,4.3,40,Y,,
C-10,12826,PINPAL,3.8,a,3.3,L,4/13/23,1.6,2.9,40,Y,burnt needles,
C-10,12852,PINPAL,4.7,a,3.3,L,4/13/23,1.4,3.3,40,Y,,
C-10,12839,PINPAL,7.3,a,7.5,L,4/13/23,1.6,2.3,25,Y,,
C-10,12696,PINPAL,6.3,a,3.9,L,4/13/23,1.6,3.3,20,Y,,
C-10,12878,PINPAL,7.5,a,4.5,L,4/13/23,1.6,3.6,20,Y,,
C-10,12841,PINPAL,14.9,y,9.1,L,4/5/23,2.6,3.3,10,NA,,
C-10,12846,PINPAL,8,a,8.2,L,4/13/23,2.6,7.4,5,Y,,
C-10,12843,PINPAL,15.2,y,11.3,L,4/5/23,2.9,3.8,5,NA,,
C-10,12848,PINPAL,12,y,12,L,4/5/23,4.8,0,0,NA,,
C-11,12535,PINPAL,45.4,z,4.9,D,4/5/23,na,na,NA,na,,
C-11,12518,PINPAL,13.5,y,11.6,L,4/5/23,7.1,9.7,1-5,NA,,
C-11,12577,PINPAL,17.8,y,10.4,L,4/5/23,4,7.5,1-5,NA,,
C-11,12533,PINPAL,3.4,a,2.3,L,4/13/23,1,2.3,100,N,"burnt needles, and deer rub",
C-11,12532,PINPAL,3.5,a,2.7,L,4/13/23,1.4,2.7,90,Y,burnt needles,
C-11,12191,PINPAL,3.8,a,2.7,L,4/13/23,1,2.7,85,Y,burnt needles,
C-11,12197,PINPAL,2.8,a,2,L,4/13/23,0.7,2,85,Y,burnt needles,
C-11,12660,PINPAL,3.7,a,2.5,L,4/13/23,0.7,2.5,85,Y,burnt needles,
C-11,12656,PINPAL,3.2,a,2.5,L,4/13/23,1,2.5,80,Y,burnt needles,
C-11,12657,PINPAL,2.8,a,2.4,L,4/13/23,1.1,2.4,80,Y,,
C-11,12190,PINPAL,3.6,a,2.4,L,4/13/23,0.5,2.4,75,Y,burnt needles,
C-11,12196,PINPAL,3.8,a,3.4,L,4/13/23,1,2.7,75,Y,burnt needles,
C-11,12198,PINPAL,3.4,a,2.4,L,4/13/23,0.8,2.4,75,Y,burnt needles,
C-11,12193,PINPAL,3.5,a,2.8,L,4/13/23,1,2.8,70,Y,burnt needles,
C-11,12654,PINPAL,4.7,a,3.6,L,4/13/23,1,3.6,70,Y,,
C-11,12658,PINPAL,5.3,a,4.1,L,4/13/23,1.2,4.1,70,Y,,
C-11,12531,PINPAL,5,a,3.6,L,4/13/23,1.6,3.6,65,Y,,
C-11,12569,PINPAL,5.7,a,4.1,L,4/13/23,1.5,3.8,65,Y,,
C-11,12655,PINPAL,3.7,a,2.5,L,4/13/23,1,2.5,65,Y,,
C-11,12695,PINPAL,3.9,a,3.5,L,4/13/23,1,3.5,65,Y,burnt needles,
C-11,12189,PINPAL,3.9,a,3.2,L,4/13/23,1,3.2,60,Y,burnt needles,
C-11,12194,PINPAL,4.2,a,3.5,L,4/13/23,0.4,2.4,60,Y,burnt needles,
C-11,12571,PINPAL,6,a,6.3,L,4/13/23,2.2,5.6,60,Y,,
C-11,12664,PINPAL,2.1,a,1.8,L,4/13/23,0.8,1.8,60,Y,,
C-11,12192,PINPAL,3.6,a,2.8,L,4/13/23,1.5,2.8,50,Y,,
C-11,12573,PINPAL,8.7,a,7.6,L,4/13/23,2.6,5.5,45,Y,burnt needles,
C-11,12582,PINPAL,7.4,a,7.5,L,4/13/23,2.6,4.6,40,Y,,
C-11,12501,PINPAL,2.2,a,2.2,L,4/13/23,1.7,2.2,30,Y,burnt needles,
C-11,12513,PINPAL,6.9,a,5.8,L,4/13/23,1.7,3,15,Y,burnt needles,
C-11,12694,PINPAL,3,a,2.2,L,4/13/23,1.4,1.8,15,Y,,
C-11,12567,PINPAL,10.8,y,9.2,L,4/5/23,3.4,4.8,15,NA,,
C-11,12568,PINPAL,12.4,y,8.7,L,4/5/23,2.6,6.6,15,NA,,
C-11,12505,PINPAL,4,a,3.8,L,4/13/23,1.9,2.9,10,Y,,
C-11,12512,PINPAL,3.8,a,3.3,L,4/13/23,0.9,3,10,Y,,
C-11,12503,PINPAL,3.9,a,2.9,L,4/13/23,1.6,3.1,5,Y,new height 3.3,
C-11,12506,PINPAL,3.5,a,2.7,L,4/13/23,1.6,2,5,Y,,
C-11,12507,PINPAL,5.2,a,4.3,L,4/13/23,1.4,2.1,5,Y,burnt needles,
C-11,12511,PINPAL,4.2,a,3.6,L,4/13/23,0.9,2,5,Y,,
C-11,12504,PINPAL,3.8,a,3.1,L,4/13/23,1.8,NA,0,Y,,
C-11,12550,PINPAL,10.7,y,8.9,L,4/5/23,3.6,0,0,NA,,
D-03,10847,PINPAL,45.9,z,3.6,D,NA,NA,NA,NA,NA,,
D-03,10862,PINPAL,3,a,3.4,L,4/12/23,2.4,3.4,100,Y,,
D-03,10864,PINPAL,2.9,a,2.4,L,4/6/23,1.9,2.4,100,Y,,
D-03,10883,PINPAL,3.5,a,2.7,L,4/6/23,3.4,4.6,100,N,new height 4.6,
D-03,10867,PINPAL,44.7,z,18.2,L,NA,6.7,20,95,NA,no tag,
D-03,10846,PINPAL,49.2,z,20,L,4/4/23,9.8,20,45,NA,,
D-03,10856,PINPAL,47.1,z,20.9,L,NA,9.4,19.1,20,NA,no tag,
D-04,2923,PINPAL,5.5,a,6.3,L,4/6/23,4.9,6.3,100,Y,,
D-04,2925,PINPAL,4.4,a,4.6,L,4/6/23,3,4.6,100,Y,,
D-04,2914,PINPAL,13.6,y,11.6,L,NA,4.6,11.6,85,NA,,
D-04,2930,PINPAL,13,y,10.9,L,NA,2.8,9.2,75,NA,,
D-04,2922,PINPAL,37.2,z,19.7,L,NA,6.6,13.7,70,NA,no tag,
D-04,2907,PINPAL,22.1,z,17.9,L,NA,8.6,17,60,NA,,
D-04,2909,PINPAL,32.8,z,20.8,L,NA,12.4,14.6,60,NA,no tag,
D-04,2912,PINPAL,33.6,z,19.9,L,NA,8.9,15.3,60,NA,no tag,
D-04,2929,PINPAL,13.2,y,10.1,L,NA,2.5,10.3,50,NA,,
D-04,2906,PINPAL,49,z,19.8,L,NA,6.2,18.5,30,NA,,
D-04,2910,PINPAL,26.5,z,19.3,L,NA,12.1,16.4,30,NA,no tag,
D-04,2908,PINPAL,24.2,z,19.9,L,NA,10.4,16.3,15,NA,,
D-04,2926,PINPAL,39.7,z,21.4,L,NA,6.2,14.9,15,NA,no tag,
D-05,2933,PINPAL,14.9,y,13.5,L,4/4/23,4.5,8.7,5-10,NA,scorch recorded as 7 in field notes,
D-05,2943,PINPAL,2.6,a,2.6,L,4/6/23,1.3,2.6,100,Y,,
D-05,2944,PINPAL,3.5,a,3.1,L,4/6/23,1.7,3.1,99,Y,,
D-05,2938,PINPAL,3.3,a,4.4,L,4/6/23,1.8,4.4,95,Y,,
D-05,2931,PINPAL,7.9,a,8.3,L,4/6/23,3,8.3,90,NA,,
D-05,2952,PINPAL,33.1,z,19.9,L,4/4/23,8.3,18.5,85,NA,,
D-05,2949,PINPAL,34.3,z,20.5,L,4/4/23,7.1,20.5,80,NA,,
D-05,2948,PINPAL,4.9,a,4.1,L,4/6/23,1.2,4.1,75,N,,
D-05,2947,PINPAL,19.8,y,11.2,L,4/4/23,3.7,9.9,55,NA,,
D-05,2940,PINPAL,13,y,12.9,L,4/4/23,4.3,6,50,NA,,
D-05,2962,PINPAL,9.2,a,8.4,L,4/6/23,2.6,4.6,45,NA,,
D-05,2937,PINPAL,10.8,y,11.9,L,4/4/23,3.5,7.4,40,NA,,
D-05,2942,PINPAL,24.5,z,14.4,L,4/4/23,5.1,10.8,35,NA,,
D-05,2934,PINPAL,10.5,y,9.8,L,4/4/23,2.5,5.4,30,NA,,
D-05,2941,PINPAL,16,y,10.7,L,4/4/23,4.3,10.7,30,NA,,
D-05,2951,PINPAL,37.5,z,19,L,4/4/23,5.1,17.9,25,NA,,
D-05,2950,PINPAL,21.2,z,14.7,L,4/4/23,3.6,14.7,20,NA,,
D-05,2957,PINPAL,9.1,a,8.9,L,4/6/23,3,4,10,NA,,
D-05,2935,PINPAL,15.5,y,13.9,L,4/4/23,4.3,8.5,10,NA,,
D-05,2936,PINPAL,14.6,y,13.8,L,4/4/23,6.3,10.4,10,NA,,
D-05,2956,PINPAL,9.5,a,10.9,L,4/6/23,4.2,5.6,5,NA,,
D-05,2932,PINPAL,12.8,y,12.7,L,4/4/23,5,9.8,5,NA,,
D-06,8671,PINPAL,4,a,2.6,L,4/6/23,1.3,2,1-5,NA,,
D-06,8672,PINPAL,4.3,a,3.1,L,4/6/23,1.5,2.2,1-5,NA,,
D-06,8681,PINPAL,21.6,z,15.2,L,4/4/23,7.3,15.2,1-5,NA,,
D-06,8687,PINPAL,3.3,a,2.1,L,4/6/23,0.7,2.1,99,Y,,
D-06,8689,PINPAL,4,a,3.2,L,4/6/23,1,3.2,99,Y,,
D-06,8690,PINPAL,5.5,a,5.7,L,4/6/23,2.4,5.7,99,Y,,
D-06,8692,PINPAL,2.2,a,2.1,L,4/6/23,0.8,2.1,99,Y,,
D-06,8676,PINPAL,2.4,a,1.9,L,4/6/23,1.2,1.9,95,Y,,
D-06,8684,PINPAL,3.1,a,2.3,L,4/6/23,1.4,2.3,95,Y,,
D-06,8685,PINPAL,2.2,a,2,L,4/6/23,0.8,2,95,Y,,
D-06,8686,PINPAL,6.1,a,4.3,L,4/6/23,0.8,4.3,95,Y,,
D-06,8691,PINPAL,2.3,a,2.3,L,4/6/23,1.3,2.3,95,N,,
D-06,8693,PINPAL,2.6,a,2.1,L,4/6/23,1.3,2.1,95,Y,,
D-06,8674,PINPAL,4.9,a,3.3,L,4/6/23,1.3,3.3,90,Y,,
D-06,8679,PINPAL,2.3,a,1.9,L,4/6/23,0.7,1.9,90,Y,,
D-06,8675,PINPAL,3.2,a,2.3,L,4/6/23,0.8,2.3,80,Y,,
D-06,8678,PINPAL,3.4,a,2,L,4/6/23,1.6,2,75,Y,,
D-06,8677,PINPAL,5,a,3.5,L,4/6/23,1,3.5,70,Y,,
D-06,8665,PINPAL,31.9,z,18.6,L,4/4/23,7.2,16.9,55,NA,,
D-06,8664,PINPAL,35,z,18.7,L,4/4/23,4.4,16.1,45,NA,,
D-06,8644,PINPAL,3.2,a,2,L,4/6/23,0.6,2.2,35,Y,,
D-06,8688,PINPAL,3.1,a,2.1,L,4/6/23,1.4,2.2,25,Y,,
D-11,9422,PINPAL,2.4,a,1.9,L,4/13/23,1.8,1.9,95,Y,,
D-11,9407,PINPAL,2.5,a,1.8,L,4/13/23,1.6,1.8,80,Y,,
D-11,9421,PINPAL,3,a,2.5,L,4/13/23,2,2.5,80,Y,,
D-11,9415,PINPAL,2.7,,1.9,L,4/13/23,1.3,2.1,80,Y,,
D-11,9416,PINPAL,2.7,,2.9,L,4/13/23,2,2.8,50,Y,,
D-11,9408,PINPAL,7.2,a,7.5,L,4/13/23,2.8,6.4,35,Y,,
D-11,9423,PINPAL,58.1,z,20.7,L,4/5/23,5.3,12.7,30,NA,,
D-11,9404,PINPAL,36.1,z,17.2,L,4/5/23,5.4,12.6,15,NA,,
D-11,9409,PINPAL,41.5,z,17.6,L,4/5/23,6.9,13.3,10,NA,,
D-11,9418,PINPAL,2.2,a,2.7,L,4/13/23,2,2,5,Y,,
D-12,9388,PINPAL,20.2,z,15.3,L,4/5/23,8.7,13.2,1-5,NA,,
D-12,9367,PINPAL,2.6,a,2.5,L,4/13/23,1.4,2.5,100,N,,
D-12,9401,PINPAL,4.1,a,3.7,L,4/13/23,2.2,3.7,100,Y,burnt needles,
D-12,9380,PINPAL,3.8,a,2.4,L,4/13/23,1.2,2.4,99,Y,burnt needles,
D-12,9397,PINPAL,3.2,a,3.2,L,4/13/23,2,3.2,99,Y,,
D-12,9399,PINPAL,5.1,a,5.1,L,4/13/23,1.7,5.1,99,Y,,
D-12,9400,PINPAL,4.5,a,3.9,L,4/13/23,1.3,3.9,99,Y,,
D-12,9383,PINPAL,3.4,a,2,L,4/13/23,1.2,2,95,Y,burnt needles,
D-12,9385,PINPAL,3.4,a,1.5,L,4/13/23,0.8,1.5,95,Y,,
D-12,9375,PINPAL,4.2,a,3.2,L,4/13/23,1.5,3.2,85,Y,burnt needles,
D-12,9379,PINPAL,3.9,a,2.7,L,4/13/23,1,2.7,80,Y,,
D-12,9396,PINPAL,3.7,a,3.2,L,4/13/23,1.7,3.2,80,Y,burnt needles,
D-12,9378,PINPAL,3.5,a,3.1,L,4/13/23,1.2,3.1,35,Y,,
D-12,9374,PINPAL,27.8,z,14.9,L,4/5/23,3.8,12.1,35,NA,,
D-12,9368,PINPAL,43,z,17.4,L,4/5/23,5.8,15.1,15,NA,,
D-12,9386,PINPAL,44.4,z,17.9,L,4/5/23,7.6,14.9,5,NA,,
E-04,6269,PINPAL,5.4,a,4.1,L,4/6/23,3.2,4.1,100,Y,,
E-04,6303,PINPAL,3.1,a,2.8,L,4/6/23,1.9,2.8,100,Y,,
E-04,6267,PINPAL,10.4,y,6.7,L,4/4/23,3.1,6.7,100,NA,,
E-04,6265,PINPAL,5.3,a,6.7,L,4/6/23,2.8,6.7,99,Y,,
E-04,6268,PINPAL,7.9,a,6.8,L,4/6/23,3.6,6.8,99,Y,,
E-04,6272,PINPAL,8.7,a,7,L,4/6/23,2.4,7,99,NA,,
E-04,6279,PINPAL,7.4,a,5.7,L,4/6/23,3,5.7,99,Y,,
E-04,6295,PINPAL,4.3,a,4.3,L,4/6/23,2.2,4.3,99,Y,,
E-04,6316,PINPAL,12.3,y,10.8,L,4/4/23,2.9,10.8,99,NA,,
E-04,6266,PINPAL,4.5,a,3.7,L,4/6/23,2.3,3.7,95,Y,,
E-04,6285,PINPAL,4.8,a,4.5,L,4/6/23,2.6,4.5,95,Y,,
E-04,6294,PINPAL,5.4,a,4.1,L,4/6/23,2.9,4.1,90,Y,,
E-04,6299,PINPAL,5.5,a,5.8,L,4/6/23,3.8,5.8,90,Y,,
E-04,6311,PINPAL,9.6,a,9.1,L,4/6/23,3,9.1,90,Y,,
E-04,6288,PINPAL,4.9,a,5.2,L,4/6/23,2.9,5.2,85,NA,,
E-04,6292,PINPAL,6.8,a,6.5,L,4/6/23,3.4,6.5,85,Y,,
E-04,6286,PINPAL,3.7,a,4.2,L,4/6/23,3.8,4.2,80,Y,,
E-04,6289,PINPAL,7.2,a,7,L,4/6/23,2.5,7,80,NA,,
E-04,6314,PINPAL,13.7,y,11.8,L,4/4/23,5.5,13.7,80,NA,,
E-04,6287,PINPAL,4.8,a,8.1,L,4/6/23,3.2,8.1,75,Y,,
E-04,6312,PINPAL,9.4,a,8.4,L,4/6/23,2.6,8.4,75,Y,,
E-04,6290,PINPAL,7.7,a,8.1,L,4/6/23,4.4,7.9,70,NA,,
E-04,6296,PINPAL,11.3,y,11.6,L,4/4/23,4.3,9.8,70,NA,,
E-04,6275,PINPAL,11.3,y,10.7,L,4/4/23,4.1,10.8,65,NA,,
E-04,6293,PINPAL,16.1,y,11,L,4/4/23,4.1,10.7,65,NA,burnt needles,
E-04,6280,PINPAL,10.6,y,6.2,L,4/4/23,3.7,6.2,60,NA,,
E-04,6270,PINPAL,33.6,z,14.2,L,4/4/23,8,11.8,60,NA,broken top (probably before burn),
E-04,6273,PINPAL,13.2,y,13.1,L,4/4/23,3.8,9.6,55,NA,,
E-04,6291,PINPAL,7.7,a,9.6,L,4/6/23,5.3,9.1,50,NA,,
E-04,6313,PINPAL,13.6,y,16.2,L,4/4/23,4.7,12.6,50,NA,,
E-04,6281,PINPAL,5.5,a,9.6,L,4/6/23,4.3,9.5,45,NA, ,
E-04,6300,PINPAL,14.9,y,11.3,L,4/4/23,5.2,11.9,45,NA,,
E-04,6274,PINPAL,15.6,y,12.1,L,4/4/23,4,10.2,40,NA,,
E-04,6284,PINPAL,6.4,a,9.2,L,4/6/23,4.7,7.6,25,NA,,
E-04,6297,PINPAL,9.8,a,10.6,L,4/6/23,4.5,9.1,25,NA,,
E-04,6282,PINPAL,9.2,a,8.6,L,4/6/23,3.4,7.7,20,NA,,
E-04,6277,PINPAL,11.2,y,10.2,L,4/4/23,4.1,10,20,NA,,
E-04,6283,PINPAL,11.2,y,11.4,L,4/4/23,5.1,8.3,20,NA,,
E-05,4571,PINPAL,10.7,y,11.2,L,4/4/23,7.3,7.6,1-5,NA,,
E-05,4535,PINPAL,8.9,a,8.2,L,4/6/23,3.1,8.2,100,Y,,
E-05,4536,PINPAL,4.8,a,5.2,L,4/6/23,2.1,5.2,100,NA,,
E-05,4544,PINPAL,4.5,a,3.7,L,4/6/23,2.9,3.7,100,Y,,
E-05,4557,PINPAL,3.1,a,4.3,L,4/6/23,2,4.3,100,Y,,
E-05,4558,PINPAL,2.7,a,2.8,L,4/6/23,2.2,2.8,100,Y,,
E-05,4539,PINPAL,4.2,a,3,L,4/6/23,1.9,3,99,Y,,
E-05,4542,PINPAL,5.3,a,4.5,L,4/6/23,2,4.5,99,N,,
E-05,4533,PINPAL,5.1,a,5.7,L,4/6/23,2.8,5.7,95,NA,,
E-05,4534,PINPAL,6.2,a,5.3,L,4/6/23,3,5.3,95,N,,
E-05,4538,PINPAL,3.9,a,3.9,L,4/6/23,3.1,3.9,95,Y,,
E-05,4541,PINPAL,5,a,5,L,4/6/23,2.1,5,95,Y,,
E-05,4554,PINPAL,4.2,a,5.4,L,4/6/23,1.6,5.4,95,Y,,
E-05,4559,PINPAL,4.4,a,6.4,L,4/6/23,3.2,6.4,95,Y,,
E-05,4568,PINPAL,7.2,a,7.2,L,4/6/23,2.1,7.2,95,NA,,
E-05,4537,PINPAL,4.9,a,5.8,L,4/6/23,3.3,5.8,90,Y,,
E-05,4545,PINPAL,6.3,a,7.3,L,4/6/23,2.8,7.3,90,NA,,
E-05,4556,PINPAL,16.2,y,11.6,L,4/4/23,3.8,16.2,90,NA,,
E-05,4543,PINPAL,7.1,a,7,L,4/6/23,2.6,7,85,Y,,
E-05,4564,PINPAL,5.5,a,6.5,L,4/6/23,2.8,6.5,85,Y,,
E-05,4555,PINPAL,12.9,y,11.8,L,4/4/23,3.5,11.4,85,NA,,
E-05,4547,PINPAL,5.1,a,5.5,L,4/6/23,2.2,5.5,80,Y,,
E-05,4566,PINPAL,6.5,a,7.3,L,4/6/23,2.4,7.3,80,Y,,
E-05,4565,PINPAL,13.9,y,12.1,L,4/4/23,3.5,10.5,80,NA,,
E-05,4553,PINPAL,14.7,y,13.4,L,4/4/23,4.3,11.3,65,NA,,
E-05,4572,PINPAL,17.3,y,13.3,L,4/4/23,4.7,7.8,55,NA,,
E-05,4563,PINPAL,28.3,z,13.2,L,4/4/23,3.3,10,45,NA,,
E-05,4540,PINPAL,9.9,a,9.2,L,4/6/23,3.7,9.2,35,NA,,
E-05,4549,PINPAL,39.1,z,20.4,L,4/4/23,6.7,15.8,30,NA,,
E-05,4546,PINPAL,10.6,y,9.4,L,4/4/23,4,8.9,25,NA,,
E-05,4532,PINPAL,48.8,z,22.4,L,4/4/23,5.6,16.5,15,NA,,
E-05,4567,PINPAL,16.6,y,13.4,L,4/4/23,5.2,10.3,10,NA,,
E-05,4570,PINPAL,19.1,y,13.6,L,4/4/23,5,8.2,10,NA,,
E-06,6373,PINPAL,10.4,y,11.2,L,4/4/23,4,4.4,1-5,NA,,
E-06,6387,PINPAL,2.7,a,2.5,L,4/6/23,1.7,2.5,90,Y,,
E-06,6384,PINPAL,21.4,z,13.3,L,4/4/23,4,11.3,50,NA,,
E-06,6376,PINPAL,46.1,z,18.5,L,4/4/23,3.4,10.5,25,NA,,
E-06,6374,PINPAL,8.1,a,9.2,L,4/6/23,2.8,6.1,15,NA,,
E-06,6375,PINPAL,6.6,a,8.5,L,4/6/23,4.6,X,0,NA,,
E-08,9257,PINPAL,3.1,a,2.8,L,4/13/23,2,2.8,100,Y,,
E-08,9258,PINPAL,5.4,a,4.7,L,4/13/23,2.4,4.7,99,Y,,
E-08,9260,PINPAL,4.5,a,4.5,L,4/13/23,2.3,4.5,99,Y,,
E-08,9261,PINPAL,3.4,a,2.9,L,4/13/23,1.3,2.9,99,Y,burnt needles,
E-08,9262,PINPAL,3.4,a,3.2,L,4/13/23,1.8,3.2,99,Y,,
E-08,9264,PINPAL,2.8,a,2.3,L,4/13/23,0.8,2.3,99,Y,burnt needles,
E-08,9265,PINPAL,5.5,a,6.2,L,4/13/23,3.8,6.2,99,Y,,
E-08,9274,PINPAL,3.6,a,3.3,L,4/13/23,1.9,3.3,99,Y,,
E-08,9271,PINPAL,4.7,a,5.4,L,4/13/23,2.9,5.4,95,Y,,
E-08,9272,PINPAL,5.5,a,5.2,L,4/13/23,3,5.2,95,Y,,
E-08,9275,PINPAL,4.5,a,4.8,L,4/13/23,3.3,4.8,95,Y,,
E-08,9286,PINPAL,3,a,2.9,L,4/13/23,1.4,2.9,85,Y,,
E-08,9263,PINPAL,2.9,a,2.7,L,4/13/23,1.8,2.7,75,Y,,
E-08,9268,PINPAL,49.4,z,26.2,L,4/5/23,7.7,26.2,50,NA,,
E-08,9269,PINPAL,55.5,z,24.3,L,4/5/23,7.1,24.3,50,NA,,
E-08,9266,PINPAL,44.5,z,25.8,L,4/5/23,8.7,14.8,35,NA,,
E-08,9277,PINPAL,9,a,8.6,L,4/13/23,2.8,8.6,25,NA,,
E-08,9267,PINPAL,40.4,z,25.2,L,4/5/23,7.4,17.3,25,NA,,
E-08,9276,PINPAL,46.3,z,27.7,L,4/5/23,6.3,13.3,25,NA,,
E-08,9278,PINPAL,6.7,a,8.1,L,4/13/23,2.8,5.7,15,NA,,
E-08,9282,PINPAL,9.3,a,9,L,4/13/23,3.6,5.4,15,NA,,
E-08,9259,PINPAL,3.3,a,2.2,L,4/13/23,1.6,2.2,10,Y,burnt needles,
E-08,9281,PINPAL,7.7,a,8,L,4/13/23,3.2,5.4,5,NA,,
E-08,9284,PINPAL,9.1,a,8,L,4/13/23,2.6,3.2,5,NA,,
E-08,9285,PINPAL,8.3,a,7.8,L,4/13/23,2.8,3.4,5,NA,,
E-08,9279,PINPAL,11.5,y,10,L,4/5/23,3.8,9.9,5,NA,,
E-08,9280,PINPAL,10.5,y,10.2,L,4/5/23,3.4,4.4,5,NA,,
E-08,9283,PINPAL,11,y,9.7,L,4/5/23,4,5.3,1,NA,,
F-04,3278,PINPAL,4.4,a,4.7,L,4/5/23,3.9,4.7,100,NA,,
F-04,3287,PINPAL,2.4,a,2.8,L,4/5/23,2.3,2.8,100,NA,10% consumption,
F-04,3271,PINPAL,4.8,a,5.1,L,4/5/23,2.7,5.1,99,NA,,
F-04,3272,PINPAL,4.6,a,3.7,L,4/5/23,2.9,3.7,99,NA,,
F-04,3269,PINPAL,4.1,a,4.4,L,4/5/23,2.4,4.4,95,NA,,
F-04,3289,PINPAL,11.8,y,7.6,L,4/4/23,3,20.9,95,NA,,
F-04,3276,PINPAL,20.1,z,12.3,L,4/4/23,5,12.3,95,NA,,
F-04,3279,PINPAL,25.4,z,16.3,L,4/4/23,6.4,16.3,95,NA,,
F-04,3268,PINPAL,7.2,a,6.4,L,4/5/23,3.4,6.4,90,NA,,
F-04,3270,PINPAL,7.9,a,6.5,L,4/5/23,3.6,6.5,90,NA,,
F-04,3273,PINPAL,6.2,a,5.8,L,4/5/23,2.3,5.8,90,NA,,
F-04,3277,PINPAL,41.4,z,24.9,L,4/4/23,7.1,24.9,90,NA,,
F-04,3288,PINPAL,28.9,z,20.8,L,4/4/23,7.8,19.2,85,NA,,
F-04,3290,PINPAL,4,a,4,L,4/5/23,1.3,4,80,NA,,
F-04,3298,PINPAL,7.1,a,5.8,L,4/5/23,2.2,5.8,80,Y,,
F-04,3275,PINPAL,37.9,z,20.9,L,4/4/23,4.9,20.9,80,NA,,
F-04,3321,PINPAL,3,a,2.7,L,4/5/23,1.8,2.6,75,NA,,
F-04,3329,PINPAL,2.8,a,1.8,L,4/5/23,1.65,1.8,75,NA,,
F-04,3319,PINPAL,4,a,1.5,L,4/5/23,1.7,1.5,70,NA,,
F-04,3328,PINPAL,3.6,a,4.5,L,4/5/23,3.1,4.1,65,NA,,
F-04,3265,PINPAL,6.7,a,6.7,L,4/5/23,3.4,6.7,50,NA,,
F-04,3266,PINPAL,8.2,a,5.5,L,4/5/23,4.1,5.5,50,NA,,
F-04,3316,PINPAL,5.1,a,5.3,L,4/5/23,2.4,3.9,40,NA,,
F-04,3267,PINPAL,8.5,a,8,L,4/5/23,4.1,8,35,NA,,
F-04,3318,PINPAL,5.8,a,6.5,L,4/5/23,2.5,2.7,30,NA,,
F-04,3274,PINPAL,26.4,z,16.3,L,4/4/23,6,10.9,25,NA,,
F-05,3258,PINPAL,4.8,a,1.8,D,4/5/23,NA,NA,NA,NA,down/dead,
F-05,3248,PINPAL,13.9,y,8.4,L,4/4/23,NA,NA,NA,NA,not a pine - QUEINC,
F-05,3247,PINPAL,3,a,4.2,L,4/5/23,2.8,3,100,NA,,
F-05,3249,PINPAL,4.3,a,5.2,L,4/5/23,4,5.2,100,NA,,
F-05,3252,PINPAL,4.5,a,5.2,L,4/5/23,2.4,5.2,100,NA,,
F-05,3202,PINPAL,4.2,a,4.5,L,4/5/23,3.3,4.5,99,NA,,
F-05,3219,PINPAL,3,a,2.1,L,4/5/23,1.8,2.1,99,NA,,
F-05,3220,PINPAL,2.5,a,1.8,L,4/5/23,1.4,1.8,99,NA,1-5% consumption,
F-05,3221,PINPAL,4,a,4.2,L,4/5/23,2.6,4.2,99,NA,,
F-05,3222,PINPAL,3.2,a,4.1,L,4/5/23,3.6,4.1,99,NA,,
F-05,3225,PINPAL,4,a,4.1,L,4/5/23,3,4.1,99,NA,,
F-05,3226,PINPAL,5.6,a,5.6,L,4/5/23,2.2,5.6,99,NA,,
F-05,3230,PINPAL,4.6,a,4.2,L,4/5/23,3,4.2,99,NA,,
F-05,3246,PINPAL,5.2,a,7,L,4/5/23,3.7,5.2,99,NA,,
F-05,3253,PINPAL,6.3,a,6,L,4/5/23,2.9,6,99,NA,,
F-05,3256,PINPAL,8.5,a,7.6,L,4/5/23,3.7,7.6,99,NA,,
F-05,3250,PINPAL,13.9,y,13.4,L,4/4/23,5.7,13.4,99,NA,,
F-05,3212,PINPAL,2.1,a,2.5,L,4/5/23,1.4,2.5,95,NA,,
F-05,3214,PINPAL,4.1,a,4,L,4/5/23,2.2,4,95,NA,,
F-05,3235,PINPAL,5.4,a,5.6,L,4/5/23,2.8,5.6,95,NA,,
F-05,3245,PINPAL,7.8,a,8.3,L,4/5/23,4.4,8.3,95,NA,,
F-05,3251,PINPAL,6.7,a,10.3,L,4/5/23,4,10.3,95,NA,,
F-05,3239,PINPAL,17.3,y,12.9,L,4/4/23,4.1,12.9,95,NA,,
F-05,3233,PINPAL,50.2,z,21.3,L,4/4/23,7.2,21.3,95,NA,,
F-05,3203,PINPAL,6,a,5.9,L,4/5/23,3,5.9,90,NA,,
F-05,3210,PINPAL,4.1,a,4.3,L,4/5/23,3.4,4.3,90,NA,,
F-05,3237,PINPAL,4.4,a,4.7,L,4/5/23,3.5,4.7,90,NA,,
F-05,3244,PINPAL,8.2,a,10,L,4/5/23,4.8,10,90,NA,,
F-05,3259,PINPAL,3.8,a,4.2,L,4/5/23,3.1,4.2,90,NA,,
F-05,3263,PINPAL,8.4,a,6.9,L,4/5/23,2.6,6.9,90,NA,,
F-05,3240,PINPAL,16,y,11.6,L,4/4/23,2.5,11.6,90,NA,,
F-05,3254,PINPAL,10.2,y,9.7,L,4/4/23,4.1,9.7,90,NA,,
F-05,3257,PINPAL,3,a,2.8,L,4/5/23,2,2.8,85,NA,,
F-05,3260,PINPAL,8.4,a,8.6,L,4/5/23,3.6,8.6,85,NA,,
F-05,3261,PINPAL,4.8,a,5.3,L,4/5/23,3.5,5.3,85,NA,,
F-05,3242,PINPAL,8.6,a,10.2,L,4/5/23,5.2,10.2,80,NA,,
F-05,3241,PINPAL,11.3,y,11.7,L,4/4/23,7,11.7,80,NA,,
F-05,3238,PINPAL,8.1,a,7.4,L,4/5/23,3.8,7.4,75,NA,,
F-05,3243,PINPAL,12.9,y,10.7,L,4/4/23,4.8,10,75,NA,,
F-05,3262,PINPAL,4.7,a,5.1,L,4/5/23,3,5.1,70,NA,,
F-05,3204,PINPAL,9.9,a,8.6,L,4/5/23,3.9,7.5,60,NA,,
F-05,3211,PINPAL,3.3,a,4,L,4/5/23,2.3,4,60,NA,,
F-05,3236,PINPAL,11.9,y,10.5,L,4/4/23,4.8,10.3,60,NA,,
F-05,3255,PINPAL,39.4,z,18.8,L,4/5/23,8.3,16,50,NA,,
F-05,3231,PINPAL,28.5,z,19.3,L,4/4/23,6,16.6,30,NA,,
F-06,3397,PINPAL,23.5,z,10.8,D,4/5/23,NA,NA,NA,NA,,
F-06,3371,PINPAL,9.5,a,9.9,L,4/5/23,2.9,3.1,1-5,NA,,
F-06,3351,PINPAL,4,a,3.2,L,4/5/23,1.5,3.2,100,NA,,
F-06,3352,PINPAL,3,a,2.9,L,4/5/23,2.2,2.9,100,NA,,
F-06,3355,PINPAL,3.7,a,3.1,L,4/5/23,1.8,3.1,100,NA,,
F-06,3356,PINPAL,3.2,a,2.6,L,4/5/23,2,2.6,100,NA,,
F-06,3360,PINPAL,7.7,a,8,L,4/5/23,4,8,100,NA,,
F-06,3378,PINPAL,4.5,a,1.1,L,4/5/23,0.9,NA,100,NA,Leaning + 75% consumed,
F-06,3348,PINPAL,1.5,a,1.4,L,4/5/23,1,1.4,99,NA,,
F-06,3353,PINPAL,7.1,a,6.3,L,4/5/23,2.7,6.3,99,NA,,
F-06,3354,PINPAL,7.4,a,6.8,L,4/5/23,2.1,6.8,99,NA,,
F-06,3361,PINPAL,9.7,a,9.3,L,4/5/23,3.1,9.3,99,NA,,
F-06,3383,PINPAL,3.5,a,3.3,L,4/5/23,1.1,3.3,99,NA,,
F-06,3384,PINPAL,2.8,a,2.6,L,4/5/23,1.9,2.6,99,NA,,
F-06,3400,PINPAL,2.6,a,2.2,L,4/5/23,1.5,2.2,99,NA,,
F-06,3362,PINPAL,11,y,10.7,L,4/5/23,5.1,10.7,99,NA,,
F-06,3359,PINPAL,7.6,a,7.8,L,4/5/23,3.2,7.8,95,NA,,
F-06,3363,PINPAL,9.8,a,10.5,L,4/5/23,4.4,10.5,95,NA,,
F-06,3364,PINPAL,2.5,a,2.4,L,4/5/23,1.5,2.4,95,NA,,
F-06,3365,PINPAL,17.4,y,12.5,L,4/5/23,4.8,12.5,95,NA,,
F-06,3366,PINPAL,12.4,y,12.6,L,4/5/23,5.4,12.6,95,NA,,
F-06,3382,PINPAL,7.4,a,9.4,L,4/5/23,2.9,9.4,90,NA,,
F-06,3443,PINPAL,3.7,a,5,L,4/5/23,4,5,70,NA,,
F-06,3392,PINPAL,2.5,a,2.1,L,4/5/23,1.7,2.1,65,NA,,
F-06,3389,PINPAL,3.3,a,2.6,L,4/5/23,2,2.6,50,NA,,
F-06,3391,PINPAL,3.4,a,3.1,L,4/5/23,1.6,2,40,NA,,
F-06,3377,PINPAL,12.7,y,12.1,L,4/5/23,4.3,8.7,40,NA,,
F-06,3350,PINPAL,18.2,y,12.5,L,4/5/23,4,9.1,30,NA,,
F-06,3388,PINPAL,8.9,a,8,L,4/5/23,2.6,5.1,10,NA,,
F-06,3390,PINPAL,5.4,a,4.6,L,4/5/23,2.1,2.6,10,NA,,
F-06,3374,PINPAL,6.9,a,7.8,L,4/5/23,3.5,3.9,5,NA,,
F-06,3375,PINPAL,10,y,9.1,L,4/5/23,4.7,4.1,5,NA,,
F-06,3376,PINPAL,14,y,10.5,L,4/5/23,3.6,5.7,5,NA,,
F-06,3346,PINPAL,49.6,z,21.1,L,4/5/23,7.2,19.9,5,NA,tag melted,
F-06,3370,PINPAL,10.5,y,9.2,L,4/5/23,2.7,2.9,1,NA,,
F-06,3372,PINPAL,13.2,y,11.4,L,4/5/23,4,8.3,1,NA,,
F-06,3386,PINPAL,10.3,y,11.2,L,4/5/23,5.5,6,1,NA,,
F-06,3345,PINPAL,36.2,z,21.7,L,4/5/23,11.9,13.7,1,NA,,
F-11,12269,PINPAL,47.7,z,16.3,D,4/5/23,NA,NA,NA,NA,,
F-11,12273,PINPAL,3.1,a,2.2,L,4/13/23,1.2,2.2,100,Y,burnt needles,
F-11,12274,PINPAL,3.1,a,1.9,L,4/13/23,1.3,1.9,100,Y,burnt needles,
F-11,12275,PINPAL,2.8,a,1.6,L,4/13/23,1.3,1.6,100,Y,burnt needles,
F-11,12276,PINPAL,3.9,a,2.8,L,4/13/23,2,2.8,100,Y,burnt needles,
F-11,12277,PINPAL,4.4,a,3.2,L,4/13/23,2.2,3.2,100,Y,,
F-11,12279,PINPAL,4.8,a,6.8,L,4/13/23,3,6.8,100,Y,,
F-11,12286,PINPAL,4.3,a,4.3,L,4/13/23,2.8,4.3,100,Y,,
F-11,12287,PINPAL,3.5,a,3.2,L,4/13/23,2.2,3.2,100,Y,,
F-11,12289,PINPAL,2.6,a,2.4,L,4/13/23,1.9,2.4,100,N,,
F-11,12300,PINPAL,4.7,a,3.5,L,4/13/23,1.4,3.5,100,Y,burnt needles,
F-11,13708,PINPAL,4.6,a,4.1,L,4/13/23,2.8,4.1,100,Y,,
F-11,13744,PINPAL,3.5,a,3.2,L,4/13/23,1.5,3.2,100,Y,,
F-11,12294,PINPAL,3.3,,2.7,L,4/13/23,2.7,3.2,100,Y,burnt needles,
F-11,12272,PINPAL,5.3,a,3.7,L,4/13/23,2.5,3.7,99,Y,,
F-11,12284,PINPAL,6.2,a,6.3,L,4/13/23,3.1,6.3,99,Y,,
F-11,12291,PINPAL,4.7,a,4.2,L,4/13/23,3,4.2,99,NA,,
F-11,14101,PINPAL,6.7,a,6.1,L,4/13/23,3.2,6.1,99,Y,,
F-11,12290,PINPAL,10.2,y,8.4,L,4/5/23,3.9,8.4,99,NA,,
F-11,12278,PINPAL,8.7,a,7.5,L,4/13/23,3.6,7.5,95,NA,,
F-11,12282,PINPAL,7.4,a,7.6,L,4/13/23,3.3,7.6,95,NA,,
F-11,12285,PINPAL,5.9,a,7.2,L,4/13/23,3.1,7.2,95,Y,,
F-11,13718,PINPAL,6.3,a,6.6,L,4/13/23,3.1,6.6,95,Y,,
F-11,13745,PINPAL,5.1,a,4.4,L,4/13/23,2.2,4.4,95,Y,,
F-11,12283,PINPAL,7.7,a,7.7,L,4/13/23,4.9,7.6,90,NA,,
F-11,13711,PINPAL,5.5,a,5.4,L,4/13/23,2.1,5.4,90,Y,,
F-11,12280,PINPAL,7.6,a,7.7,L,4/13/23,3.6,7.7,85,Y,,
F-11,13710,PINPAL,4.6,a,4.9,L,4/13/23,2.6,4.9,85,Y,,
F-11,13715,PINPAL,3.5,a,3,L,4/13/23,2,3,85,Y,,
F-11,13701,PINPAL,11.5,y,9.9,L,4/5/23,4.6,9.9,80,NA,,
F-11,12292,PINPAL,9,a,8.2,L,4/13/23,3.9,10.5,75,NA,,
F-11,12296,PINPAL,9.3,a,9.3,L,4/13/23,3.2,8.4,70,Y,,
F-11,12288,PINPAL,12.2,y,10.3,L,4/5/23,4.1,9.1,65,NA,,
F-11,13709,PINPAL,14.4,y,14.4,L,4/5/23,6.4,12.4,65,NA,,
F-11,12297,PINPAL,8.5,a,8,L,4/13/23,3.2,8,60,Y,,
F-11,12271,PINPAL,33.2,z,13.1,L,4/5/23,5.4,15.7,40,NA,,
F-11,12295,PINPAL,10.4,y,9.3,L,4/5/23,5.2,7.8,35,NA,,
F-11,13714,PINPAL,4.8,a,5.8,L,4/13/23,4.6,5.7,20,Y,,
F-11,12298,PINPAL,4.4,a,4.5,L,4/13/23,3.1,4.5,15,Y,,
F-11,12270,PINPAL,44.5,z,21.2,L,4/5/23,11.7,20.4,5,NA,no tag,
F-11,13716,PINPAL,36.7,z,18.4,L,4/5/23,9.3,11.8,5,NA,no tag,
F-12,4069,PINPAL,2.9,a,3.5,L,4/13/23,NA,NA,NA,NA,fallen over,
F-12,4067,PINPAL,2.6,a,2.2,L,4/13/23,1.8,2.2,100,Y,,
F-12,4068,PINPAL,3.7,a,3.8,L,4/13/23,2.4,3.8,100,Y,,
F-12,4073,PINPAL,3.3,a,3.1,L,4/13/23,1.8,NA,100,Y,knocked over by large tre that fell over in the burn,
F-12,4066,PINPAL,15.2,y,12.9,L,4/5/23,6,12.9,95,NA,,
F-12,4074,PINPAL,7.5,a,8.2,L,4/13/23,NA,NA,85,Y,knocked over by large tre that fell over in the burn,
F-12,4089,PINPAL,5.9,a,7.8,L,4/13/23,2.6,7.2,75,NA,,
F-12,4070,PINPAL,21.2,z,15.9,L,4/5/23,7.4,10.8,70,NA,,
F-12,4076,PINPAL,7.2,a,8.1,L,4/13/23,NA,NA,50,Y,knocked over by large tre that fell over in the burn,
F-12,4065,PINPAL,28.9,z,18.1,L,4/5/23,7.2,13,45,NA,,
F-12,4064,PINPAL,18.7,y,16.7,L,4/5/23,6.9,10.8,40,NA,,
F-12,4084,PINPAL,55.7,z,18,L,4/5/23,NA,NA,25,NA,now dead - fell down in fire,
F-12,4088,PINPAL,9.1,a,8.7,L,4/13/23,3.4,6.6,20,NA,,
F-12,4062,PINPAL,58.8,z,21.3,L,4/5/23,8.4,16.7,20,NA,,
F-12,4087,PINPAL,8.7,a,8.8,L,4/13/23,3.6,5.8,5,NA,,
G-04,5721,PINPAL,2.3,a,3.9,D,4/6/23,NA,NA,NA,NA,,
G-04,5534,PINPAL,7.6,a,7.6,L,4/6/23,3.8,4,1-5,NA,,
G-04,5536,PINPAL,6.6,a,7.9,L,4/6/23,3.4,4.6,1-5,Y,burnt needles,
G-04,5543,PINPAL,6.5,a,7.3,L,4/6/23,4,4,1-5,NA,,
G-04,5600,PINPAL,6.1,a,5.9,L,4/6/23,2.7,3.8,1-5,NA,,
G-04,5568,PINPAL,32.6,z,16.2,L,4/4/23,6.1,8.9,1-5,NA,,
G-04,5586,PINPAL,3.9,a,5,L,4/6/23,3.2,5,100,Y,,
G-04,5587,PINPAL,2.9,a,3.7,L,4/6/23,1.4,3.7,100,Y,,
G-04,5596,PINPAL,2.9,a,3.6,L,4/6/23,1.8,3.6,100,Y,,
G-04,5618,PINPAL,2.2,a,1.6,L,4/6/23,1.3,1.6,100,Y,,
G-04,5620,PINPAL,2.2,a,2,L,4/6/23,1.5,2,100,Y,,
G-04,5653,PINPAL,2.3,a,2.4,L,4/6/23,2.1,2.4,100,Y,,
G-04,5655,PINPAL,3.9,a,4,L,4/6/23,2.1,4,100,Y,,
G-04,5656,PINPAL,3,a,2.6,L,4/6/23,1.7,2.6,100,Y,,
G-04,5657,PINPAL,2.5,a,3.7,L,4/6/23,2,3.7,100,Y,,
G-04,5658,PINPAL,2.3,a,1.9,L,4/6/23,1.8,1.9,100,Y,,
G-04,5659,PINPAL,3.4,a,3.7,L,4/6/23,2.4,3.7,100,Y,,
G-04,5661,PINPAL,2.2,a,3.1,L,4/6/23,3,3.1,100,Y,,
G-04,5662,PINPAL,2.6,a,2.5,L,4/6/23,1.5,2.5,100,Y,,
G-04,5716,PINPAL,3.5,a,3.7,L,4/6/23,1.6,3.7,100,N,,
G-04,5719,PINPAL,2.5,a,3.2,L,4/6/23,2.8,3.2,100,N,,
G-04,5595,PINPAL,2.2,a,2.2,L,4/6/23,1.6,2.2,99,Y,,
G-04,5652,PINPAL,4.2,a,5,L,4/6/23,2.8,5,99,Y,,
G-04,5537,PINPAL,2.8,a,2.8,L,4/6/23,2.1,2.8,95,Y,,
G-04,5580,PINPAL,3.5,a,4.4,L,4/6/23,1.9,4.4,95,NA,,
G-04,5616,PINPAL,2.5,a,3.1,L,4/6/23,1.9,3.1,95,Y,,
G-04,5625,PINPAL,3.5,a,3.6,L,4/6/23,2.6,3.6,95,Y,,
G-04,5651,PINPAL,3.3,a,3.4,L,4/6/23,2.9,3.4,95,Y,,
G-04,5654,PINPAL,5.9,a,7.6,L,4/6/23,3.2,7.6,95,Y,,
G-04,5538,PINPAL,2.5,a,1.8,L,4/6/23,1.6,1.8,90,Y,,
G-04,5540,PINPAL,3,a,3.5,L,4/6/23,1.6,3.5,90,Y,,
G-04,5551,PINPAL,2,a,1.5,L,4/6/23,1.4,1.5,90,Y,,
G-04,5579,PINPAL,4,a,4,L,4/6/23,2,4,90,Y,,
G-04,5624,PINPAL,2.4,a,2.4,L,4/6/23,1.7,2.4,90,Y,,
G-04,5545,PINPAL,2.2,a,2.1,L,4/6/23,2,2.1,85,Y,,
G-04,5623,PINPAL,3.3,a,3.4,L,4/6/23,2.2,3.4,85,Y,,
G-04,5542,PINPAL,3.9,a,3.9,L,4/6/23,2.2,3.7,80,Y,,
G-04,5585,PINPAL,4.5,a,5,L,4/6/23,2.4,5,80,Y,,
G-04,5621,PINPAL,4.4,a,4.2,L,4/6/23,2.8,4.1,80,Y,,
G-04,5660,PINPAL,8.1,a,10,L,4/6/23,5.8,1,80,NA,,
G-04,5671,PINPAL,3.8,a,4.3,L,4/6/23,1.8,4.3,80,NA,burnt needles,
G-04,5546,PINPAL,5.5,a,6.4,L,4/6/23,1.8,6.1,75,Y,,
G-04,5593,PINPAL,3.6,a,4,L,4/6/23,2,4,75,Y,,
G-04,5667,PINPAL,6.9,a,7,L,4/6/23,2.9,7,75,Y,,
G-04,5539,PINPAL,3.9,a,4,L,4/6/23,1.8,3.4,65,Y,,
G-04,5617,PINPAL,3.3,a,4.3,L,4/6/23,2.8,4.3,45,Y,,
G-04,5535,PINPAL,4.8,a,4.2,L,4/6/23,2.2,3.1,35,NA,,
G-04,5549,PINPAL,3.5,a,4.1,L,4/6/23,2.8,4,35,Y,,
G-04,5582,PINPAL,9.7,a,9.6,L,4/6/23,3.4,6.1,35,Y,,
G-04,5528,PINPAL,44.4,z,19.6,L,4/4/23,9.7,20.9,35,NA,,
G-04,5541,PINPAL,4,a,4.6,L,4/6/23,2.6,3.5,30,Y,,
G-04,5622,PINPAL,4.8,a,5.9,L,4/6/23,2.8,5.9,25,NA,,
G-04,5577,PINPAL,5.4,a,6.4,L,4/6/23,2.8,3.1,20,Y,,
G-04,5594,PINPAL,4.3,a,4.9,L,4/6/23,2.6,4.9,20,NA,,
G-04,5547,PINPAL,4.3,a,6.2,L,4/6/23,3,6.4,15,NA,,
G-04,5576,PINPAL,7.8,a,7.8,L,4/6/23,2.8,5.5,15,Y,,
G-04,5544,PINPAL,5,a,5.4,L,4/6/23,3.3,5.4,10,Y,,
G-04,5548,PINPAL,3.3,a,4,L,4/6/23,2.7,3.8,10,NA,,
G-04,5578,PINPAL,4.1,a,4.5,L,4/6/23,3,3.4,10,Y,,
G-04,5598,PINPAL,6.4,a,6.5,L,4/6/23,2.8,4.3,10,NA,,
G-04,5599,PINPAL,5.5,a,4.1,L,4/6/23,1.9,3.9,10,NA,,
G-04,5619,PINPAL,4.7,a,6.7,L,4/6/23,3.6,6.7,10,Y,,
G-04,5668,PINPAL,10.7,y,12,L,4/4/23,7.5,8.7,5,NA,,
G-04,5583,PINPAL,21,z,15.8,L,4/4/23,8.4,15,1,NA,,
G-04,5584,PINPAL,22,z,17.1,L,4/4/23,9.5,6.6,1,NA,,
G-04,5550,PINPAL,10,y,10.1,L,4/4/23,6.1,X,0,NA,,
G-05,1436,PINPAL,2.9,a,3,L,4/5/23,2.3,2.9,5-10,N,scorch recorded as 7 in field notes,
G-05,1411,PINPAL,5.8,a,6.2,L,4/5/23,2.8,4.5,1-5,Y,,
G-05,1437,PINPAL,3.9,a,5.1,L,4/5/23,3,3.3,1-5,Y,,
G-05,1392,PINPAL,13.3,y,8.5,L,4/5/23,4.6,4.8,1-5,NA,,
G-05,1403,PINPAL,10.5,y,8.3,L,4/5/23,5.2,6.2,1-5,NA,,
G-05,1377,PINPAL,2.5,a,2.3,L,4/5/23,1.4,2.3,100,Y,,
G-05,1427,PINPAL,2.7,a,1.6,L,4/5/23,1.4,1.6,100,Y,,
G-05,1428,PINPAL,4.7,a,4.4,L,4/5/23,3,4.4,100,Y,,
G-05,1375,PINPAL,3.3,a,2.8,L,4/5/23,1.7,2.8,99,Y,,
G-05,1429,PINPAL,3.8,a,3.4,L,4/5/23,2.6,3.4,99,Y,,
G-05,1430,PINPAL,3.2,a,3.4,L,4/5/23,1.9,3.4,99,Y,,
G-05,1378,PINPAL,4.3,a,4.1,L,4/5/23,1.4,4.1,95,Y,,
G-05,1383,PINPAL,3.5,a,3.7,L,4/5/23,2,3.7,95,Y,,
G-05,1416,PINPAL,2.7,a,2.4,L,4/5/23,1.7,2.4,95,Y,,
G-05,1418,PINPAL,3.4,a,2.5,L,4/5/23,1.4,2.5,95,Y,,
G-05,1440,PINPAL,4.3,a,4.9,L,4/5/23,2.6,4.9,95,Y,,
G-05,1441,PINPAL,3.7,a,2.8,L,4/5/23,1.8,2.8,95,Y,,
G-05,1359,PINPAL,3.5,a,3.8,L,4/5/23,2.3,3.8,90,Y,,
G-05,1398,PINPAL,3.5,a,2.8,L,4/5/23,2,2.6,90,Y,,
G-05,1405,PINPAL,3.5,a,3.6,L,4/5/23,2.4,3.6,90,Y,,
G-05,1393,PINPAL,3.6,a,3.6,L,4/5/23,1.5,3.4,80,Y,,
G-05,1406,PINPAL,3.9,a,4.6,L,4/5/23,3.4,4.3,80,Y,,
G-05,1361,PINPAL,3,a,2.5,L,4/5/23,1.6,2.5,75,Y,,
G-05,1395,PINPAL,3.9,a,4.1,L,4/5/23,2.1,4.1,75,N,,
G-05,1434,PINPAL,5.8,a,6,L,4/5/23,2.6,5.9,70,Y,,
G-05,1360,PINPAL,4.2,a,4.4,L,4/5/23,2.1,4.4,65,Y,,
G-05,1423,PINPAL,3.3,a,3.3,L,4/5/23,1.8,3.2,65,Y,,
G-05,1394,PINPAL,5.1,a,5.7,L,4/5/23,2.1,4.9,50,NA,,
G-05,1408,PINPAL,3.1,a,3.7,L,4/5/23,2.2,3.7,50,Y,,
G-05,1443,PINPAL,3,a,2.3,L,4/5/23,1.5,3,50,Y,,
G-05,1431,PINPAL,5.2,a,4.4,L,4/5/23,3.1,4.3,45,Y,,
G-05,1396,PINPAL,5,a,5,L,4/5/23,3,4.5,40,NA,,
G-05,1444,PINPAL,4,a,4,L,4/5/23,2.2,3.4,40,Y,,
G-05,1397,PINPAL,4,a,5.2,L,4/5/23,2.6,5.2,25,NA,,
G-05,1426,PINPAL,6.7,a,7.1,L,4/5/23,2.5,5.4,25,Y,,
G-05,1433,PINPAL,8.5,a,8.9,L,4/5/23,3.9,4.9,25,Y,,
G-05,1439,PINPAL,13.3,y,11.5,L,4/5/23,5.8,7.9,25,NA,,
G-05,1399,PINPAL,5.2,a,5,L,4/5/23,2.9,3.9,20,Y,,
G-05,1409,PINPAL,4.4,a,4.4,L,4/5/23,2.2,4.1,20,NA,,
G-05,1410,PINPAL,4.4,a,4.5,L,4/5/23,2.8,4.4,20,Y,,
G-05,1442,PINPAL,3.9,a,3,L,4/5/23,2.3,2.8,20,Y,,
G-05,1391,PINPAL,5.3,a,5.4,L,4/5/23,3.6,4.5,15,NA,,
G-05,1419,PINPAL,5.9,a,6.4,L,4/5/23,2.5,4,15,Y,,
G-05,1387,PINPAL,7.7,a,8.3,L,4/5/23,3.4,6.3,10,Y,,
G-05,1389,PINPAL,4.1,a,4,L,4/5/23,2.6,4,10,Y,,
G-05,1376,PINPAL,39.4,z,19.3,L,4/5/23,5.9,9.3,10,NA,,
G-05,1388,PINPAL,8,a,8.7,L,4/5/23,2.8,6.2,5,Y,,
G-05,1390,PINPAL,8.5,a,7,L,4/5/23,2.8,4.1,5,Y,,
G-05,1413,PINPAL,8.7,a,9.2,L,4/5/23,2.8,5,5,NA,,
G-05,1432,PINPAL,7,a,7.4,L,4/5/23,2.9,6.3,5,Y,,
G-05,1435,PINPAL,8.6,a,7.2,L,4/5/23,2.4,4,5,Y,,
G-05,1438,PINPAL,2.9,a,2.4,L,4/5/23,1.7,2,5,Y,,
G-05,1356,PINPAL,49,z,20.6,L,4/5/23,4.3,20,5,NA,,
G-05,1445,PINPAL,41.8,z,22.3,L,4/5/23,10.8,18.2,5,NA,,
G-06,1137,PINPAL,48.9,z,21.7,L,4/4/23,8.1,6.3,1-5,NA,,
G-06,1092,PINPAL,5.3,a,4.5,L,4/5/23,1.8,4.5,90,Y,,
G-06,1094,PINPAL,3.5,a,3.3,L,4/5/23,1.4,3.3,90,Y,,
G-06,1093,PINPAL,6.1,a,6.2,L,4/5/23,2.1,6.2,85,Y,,
G-06,1088,PINPAL,13.5,y,10.8,L,4/4/23,4,10.6,85,NA,,
G-06,1134,PINPAL,7,a,6.3,L,4/5/23,2.8,6.1,70,Y,,
G-06,1136,PINPAL,8.5,a,8,L,4/5/23,2.4,5.7,70,Y,top fell off of tagged tree - now shorter,
G-06,1097,PINPAL,7.2,a,7.9,L,4/5/23,2.7,6.3,55,Y,,
G-06,1121,PINPAL,4.9,a,3.6,L,4/5/23,1.8,3,50,Y,,
G-06,1135,PINPAL,2.9,a,2.5,L,4/5/23,1.7,2.5,50,Y,,
G-06,1115,PINPAL,3.8,a,3.6,L,4/5/23,1.1,2.6,15,Y,,
G-06,1120,PINPAL,4.2,a,4.5,L,4/5/23,2.1,2.9,15,Y,,
G-06,1140,PINPAL,8.5,a,8,L,4/5/23,2.4,2.7,10,NA,burnt needles,
G-06,1091,PINPAL,50.7,z,20.9,L,4/4/23,8.2,11.1,5,NA,,
G-09,2048,PINPAL,2.3,a,1.8,L,4/13/23,1.8,1.8,100,Y,,
G-09,2071,PINPAL,2.3,a,2.5,L,4/13/23,1.2,2.5,100,Y,burnt needles,
G-09,2080,PINPAL,7.4,a,8.5,L,4/13/23,3.5,8.5,100,Y,burnt needles,
G-09,2081,PINPAL,2.7,a,2.6,L,4/13/23,1.6,2.6,100,Y,burnt needles,
G-09,2097,PINPAL,5,a,5.3,L,4/13/23,2.8,5.3,100,Y,,
G-09,2091,PINPAL,8.6,a,8.5,L,4/13/23,3.9,8.5,99,Y,,
G-09,2092,PINPAL,9.5,a,9.6,L,4/13/23,4.4,9.6,95,Y,,
G-09,2096,PINPAL,7.3,a,7.8,L,4/13/23,4.2,7.8,95,Y,,
G-09,2082,PINPAL,10.7,y,9.5,L,4/5/23,5.3,9.5,95,NA,,
G-09,2113,PINPAL,34.5,z,21,L,4/5/23,8.5,19,80,NA,,
G-09,2100,PINPAL,49.9,z,22.5,L,4/5/23,8.2,22,70,NA,,
G-09,2125,PINPAL,41.9,z,24,L,4/5/23,13.2,24,60,NA,,
G-09,2099,PINPAL,45.6,z,24,L,4/5/23,3.8,20.9,55,NA,,
G-09,2098,PINPAL,44.2,z,21.6,L,4/5/23,9.2,21.6,45,NA,,
G-09,2094,PINPAL,22.8,z,16.1,L,4/5/23,7.5,14.6,40,NA,,
G-09,2093,PINPAL,15.9,y,14.6,L,4/5/23,5.1,13.6,25,NA,,
G-10,1998,PINPAL,11.5,y,15.2,L,4/5/23,7.8,15.2,70,NA,,
G-10,2019,PINPAL,46,z,24.8,L,4/5/23,10.9,23.4,65,NA,,
G-10,2001,PINPAL,44,z,17.4,L,4/5/23,7.5,16.5,50,NA,,
G-10,2017,PINPAL,52.5,z,21.8,L,4/5/23,9.3,21.8,25,NA,,
G-10,2021,PINPAL,53,z,25,L,4/5/23,9.8,25,20,NA,,
G-10,2022,PINPAL,32.5,z,17.2,L,4/5/23,8.7,12.7,20,NA,,
G-10,2020,PINPAL,37.5,z,24,L,4/5/23,8.5,20.4,15,NA,,
H-04,5468,PINPAL,9.8,a,11.9,L,4/5/23,6.2,7.9,1-5,NA,,
H-04,5474,PINPAL,8.8,a,12.5,L,4/5/23,5.5,7,1-5,NA,dead top,
H-04,5477,PINPAL,17.3,y,14.9,L,4/4/23,10,11.1,1-5,NA,,
H-04,5523,PINPAL,30.9,z,21.5,L,4/4/23,10,10.5,1-5,NA,,
H-04,5460,PINPAL,5.6,a,7.1,L,4/5/23,4.5,5.6,100,Y,,
H-04,5461,PINPAL,6.6,a,3.1,L,4/5/23,1.8,3.1,100,Y,,
H-04,5464,PINPAL,7.4,a,6.6,L,4/5/23,3.4,6.6,100,Y,,
H-04,5489,PINPAL,3.8,a,4.1,L,4/5/23,2.5,4.1,100,Y,,
H-04,5513,PINPAL,2,a,2,L,4/5/23,1.9,2,100,Y,,
H-04,5467,PINPAL,4.5,a,4.6,L,4/5/23,1.7,4.6,95,Y,,
H-04,5487,PINPAL,5.2,a,5.1,L,4/5/23,2.2,5.1,95,Y,,
H-04,5488,PINPAL,3.3,a,3.3,L,4/5/23,2.6,3.3,95,Y,,
H-04,5491,PINPAL,5.7,a,5.3,L,4/5/23,3.5,5.3,95,N,,
H-04,5493,PINPAL,3,a,2.5,L,4/5/23,2.3,2.5,95,Y,,
H-04,5490,PINPAL,5.6,a,5,L,4/5/23,3.2,5,90,Y,,
H-04,5459,PINPAL,7.6,a,9.2,L,4/5/23,5.2,9.2,85,Y,,
H-04,5441,PINPAL,4.1,a,5.6,L,4/5/23,3.3,5.6,75,Y,,
H-04,5494,PINPAL,7.5,a,7.6,L,4/5/23,2.5,7.6,60,Y,,
H-04,5466,PINPAL,8.6,a,11.8,L,4/5/23,3.9,7.3,40,NA,,
H-04,5471,PINPAL,7.2,a,8.3,L,4/5/23,4,7.9,25,Y,,
H-04,5476,PINPAL,4.4,a,5.7,L,4/5/23,3.2,4.3,25,N,,
H-04,5485,PINPAL,12.2,y,12,L,4/4/23,7.6,9.9,20,NA,,
H-04,5458,PINPAL,23.5,z,16.8,L,4/4/23,8.4,8.8,10,NA,,
H-04,5444,PINPAL,48.3,z,17.4,L,4/4/23,6.5,10.9,5,NA,,
H-04,5450,PINPAL,29.5,z,18.1,L,4/4/23,5.2,7,5,NA,,
H-04,5484,PINPAL,26.8,z,17.6,L,4/4/23,8.9,11,5,NA,,
H-04,5473,PINPAL,13.2,y,14.2,L,4/4/23,9,6.7,1,NA,,
H-04,5516,PINPAL,10.9,y,11.4,L,4/4/23,7.6,6.9,1,NA,,
H-04,5498,PINPAL,13.3,y,13.6,L,4/4/23,9.7,X,0,NA,,
H-04,5445,PINPAL,40.4,z,18.7,L,4/4/23,9,X,0,NA,,
H-04,5452,PINPAL,37.4,z,20.2,L,4/4/23,8.7,X,0,NA,,
H-04,5465,PINPAL,21.5,z,16,L,4/4/23,8.4,X,0,NA,,
H-04,5483,PINPAL,30.3,z,17.4,L,4/4/23,8.7,X,0,NA,,
H-05,990,PINPAL,6.6,a,6.1,D,4/5/23,NA,NA,NA,NA,,
H-05,1026,PINPAL,7.6,a,6.5,L,4/5/23,2.7,3,1-5,NA,,
H-05,1049,PINPAL,8.4,a,7.9,L,4/5/23,2.8,4.6,1-5,NA,,
H-05,1058,PINPAL,6.2,a,6.8,L,4/5/23,3.4,4.9,1-5,NA,,
H-05,1083,PINPAL,8.6,a,8.7,L,4/5/23,3.8,3.8,1-5,NA,,
H-05,1040,PINPAL,11,y,9.6,L,4/4/23,5.7,5.6,1-5,NA,,
H-05,1057,PINPAL,11.1,y,11,L,4/4/23,2.6,2.5,1-5,NA,leaning,
H-05,963,PINPAL,2.6,a,3.2,L,4/5/23,2.2,3.2,100,Y,,
H-05,968,PINPAL,4.5,a,3.7,L,4/5/23,2.2,3.7,100,Y,,
H-05,993,PINPAL,3.2,a,3,L,4/5/23,2.2,3,100,N,,
H-05,1027,PINPAL,3.5,a,3.5,L,4/5/23,1.8,3.5,100,Y,,
H-05,982,PINPAL,2.5,a,3.1,L,4/5/23,1.8,3.1,99,Y,,
H-05,1041,PINPAL,4.1,a,3.9,L,4/5/23,1.8,3.9,95,N,,
H-05,948,PINPAL,5.3,a,6.2,L,4/5/23,3,6.2,90,Y,,
H-05,992,PINPAL,3.2,a,3.9,L,4/5/23,2.3,3.9,90,Y,,
H-05,995,PINPAL,3.3,a,3.9,L,4/5/23,2.3,3.9,90,Y,,
H-05,1032,PINPAL,2.8,a,2,L,4/5/23,1.4,2,90,Y,,
H-05,1037,PINPAL,4.5,a,3.9,L,4/5/23,1.8,3.9,90,Y,,
H-05,1029,PINPAL,3.8,a,3.3,L,4/5/23,1.6,3.3,85,Y,,
H-05,1002,PINPAL,3,a,2.4,L,4/5/23,1.4,2.4,80,Y,,
H-05,1006,PINPAL,3,a,2.4,L,4/5/23,NA,NA,80,Y,knocked over by fallen snag but alive,
H-05,1051,PINPAL,2.7,a,2.8,L,4/5/23,1.4,2.7,70,Y,,
H-05,1079,PINPAL,16.4,y,12.7,L,4/4/23,6.4,6.2,70,NA,,
H-05,979,PINPAL,3.1,a,2.6,L,4/5/23,2,2.5,65,NA,,
H-05,971,PINPAL,5.8,a,7.3,L,4/5/23,2.9,6.4,60,Y,,
H-05,984,PINPAL,5.5,a,5.2,L,4/5/23,2.6,5.2,60,NA,,
H-05,1005,PINPAL,4.3,a,3.4,L,4/5/23,2.4,3.4,60,Y,,
H-05,1039,PINPAL,3.4,a,3.8,L,4/5/23,2.2,3.8,60,Y,,
H-05,1076,PINPAL,19.6,y,14.7,L,4/4/23,7,13.2,60,NA,,
H-05,973,PINPAL,5.5,a,6.2,L,4/5/23,1.8,6.2,50,NA,,
H-05,1003,PINPAL,3.1,a,3,L,4/5/23,2,3,45,N,,
H-05,975,PINPAL,3.6,a,3.4,L,4/5/23,1.8,3.6,40,NA,,
H-05,991,PINPAL,6.4,a,6,L,4/5/23,3,5.4,40,NA,,
H-05,1064,PINPAL,8.8,a,9.6,L,4/5/23,2.3,9,40,Y,,
H-05,1065,PINPAL,15.4,y,12.5,L,4/4/23,6.8,15.4,40,NA,,
H-05,1038,PINPAL,6.8,a,6.7,L,4/5/23,2.8,4.5,35,NA,,
H-05,972,PINPAL,12.1,y,9.5,L,4/4/23,4.1,8.5,35,NA,,
H-05,974,PINPAL,6.6,a,7.6,L,4/5/23,3,7.6,30,NA,,
H-05,1001,PINPAL,3.2,a,3,L,4/5/23,2,2.4,30,N,,
H-05,1004,PINPAL,3.3,a,3.2,L,4/5/23,2.3,3.2,30,Y,,
H-05,1084,PINPAL,6.5,a,7,L,4/5/23,3,6.6,20,NA,,
H-05,983,PINPAL,5.1,a,7,L,4/5/23,3.3,4.2,15,NA,,
H-05,985,PINPAL,5.8,a,6.8,L,4/5/23,3.4,6,15,Y,,
H-05,986,PINPAL,4.6,a,4.5,L,4/5/23,2.8,4.5,15,Y,,
H-05,994,PINPAL,9.3,a,9.4,L,4/5/23,3.6,6,15,NA,,
H-05,1082,PINPAL,7.9,a,8.9,L,4/5/23,3.1,4.8,10,NA,,
H-05,964,PINPAL,11.4,y,10.1,L,4/4/23,5.5,6.4,10,NA,,
H-05,1081,PINPAL,13.7,y,11.5,L,4/4/23,4.8,5.6,10,NA,,
H-05,976,PINPAL,4.5,a,4.8,L,4/5/23,2.3,4.4,5,NA,,
H-05,977,PINPAL,5.2,a,5.1,L,4/5/23,3.1,4.9,5,NA,,
H-05,1028,PINPAL,7.3,a,7.9,L,4/5/23,3.3,4.4,5,NA,,
H-05,1030,PINPAL,8.6,a,8.7,L,4/5/23,3,5.1,5,NA,,
H-05,1031,PINPAL,4.6,a,4.4,L,4/5/23,2,3.7,5,NA,,
H-05,1033,PINPAL,9.1,a,8,L,4/5/23,2.9,3.5,5,NA,burnt needles,
H-05,1034,PINPAL,7,a,7.8,L,4/5/23,2.7,0,5,NA,burnt needles,
H-05,1036,PINPAL,8.7,a,7.9,L,4/5/23,2.5,3.1,5,NA,burnt needles,
H-05,1055,PINPAL,6.5,a,5.5,L,4/5/23,3.4,6.3,5,NA,,
H-05,967,PINPAL,11.7,y,11.1,L,4/4/23,5.4,6.6,5,NA,,
H-05,969,PINPAL,11.5,y,11.2,L,4/4/23,5.5,6.6,5,NA,,
H-05,970,PINPAL,11.6,y,10.2,L,4/4/23,5.2,5.8,5,NA,,
H-05,999,PINPAL,10.6,y,11.2,L,4/4/23,7.4,10.3,5,NA,,
H-05,1000,PINPAL,11.4,y,11.5,L,4/4/23,5.7,10.4,5,NA,,
H-05,1056,PINPAL,10,y,8,L,4/4/23,3.3,4.2,5,NA,,
H-05,1050,PINPAL,8.9,a,8.1,L,4/5/23,3.9,X,0,NA,,
H-05,1035,PINPAL,11.7,y,10.4,L,4/4/23,6.6,X,0,NA,,
H-06,720,PINPAL,3.9,a,4.2,L,4/5/23,NA,NA,NA,NA,burnt & fell over,
H-06,692,PINPAL,24.8,z,14.9,L,4/4/23,8.4,6.3,1-5,NA,,
H-06,715,PINPAL,2.8,a,2.7,L,4/5/23,1.4,2.7,100,Y,,
H-06,717,PINPAL,3.6,a,3.5,L,4/5/23,1.7,3.5,100,Y,,
H-06,718,PINPAL,3.8,a,3.4,L,4/5/23,1.8,3.4,100,Y,,
H-06,721,PINPAL,4.1,a,3.1,L,4/5/23,2.7,3.1,100,Y,,
H-06,691,PINPAL,4.8,a,4.1,L,4/5/23,2.3,4.1,95,Y,,
H-06,714,PINPAL,8.3,a,9.6,L,4/5/23,3.4,9.6,80,Y,,
H-06,713,PINPAL,17,y,13.5,L,4/4/23,5,12.1,75,NA,,
H-06,719,PINPAL,13.2,y,11.8,L,4/4/23,5.3,11.6,75,NA,,
H-06,722,PINPAL,14.2,y,10.5,L,4/4/23,3.6,8.8,75,NA,,
H-06,731,PINPAL,8.9,a,6.6,L,4/5/23,2,5.4,30,NA,,
H-06,688,PINPAL,47,z,17.5,L,4/4/23,6.3,15.3,20,NA,,
H-06,705,PINPAL,10.7,y,8.7,L,4/4/23,4.7,5.3,10,NA,,
H-06,700,PINPAL,53.2,z,19.2,L,4/4/23,4.6,7.4,5,NA,,
H-09,1992,PINPAL,52.4,z,9,D,4/5/23,NA,NA,NA,NA,,
H-09,1982,PINPAL,3.5,a,6.2,L,4/12/23,3.5,6.2,100,Y,,
H-09,1985,PINPAL,5.4,a,5.9,L,4/12/23,3.6,5.9,100,Y,,
H-09,1989,PINPAL,43.6,z,24,L,4/5/23,10.7,24,95,NA,,
H-09,1996,PINPAL,34.2,z,18.8,L,4/5/23,12.4,18.8,95,NA,,
H-09,1995,PINPAL,58.7,z,21.6,L,4/5/23,9.6,21.6,85,NA,,
H-09,1988,PINPAL,50.5,z,24.6,L,4/5/23,7.9,24.6,70,NA,,
H-09,1991,PINPAL,35.8,z,15.9,L,4/5/23,7.4,15.9,70,NA,,
H-09,1980,PINPAL,46.2,z,19.6,L,4/5/23,7.8,19.6,65,NA,,
H-09,1987,PINPAL,44.7,z,21.1,L,4/5/23,12.6,20.1,60,NA,,
H-10,2140,PINPAL,27.9,z,15.2,L,4/5/23,7,13,30,NA,,
H-10,2141,PINPAL,47.9,z,26.4,L,4/5/23,12,14,15,NA,,
H-10,2144,PINPAL,9.8,a,11.8,L,4/12/23,4.7,11.8,80,Y,,
H-10,2145,PINPAL,8.2,a,9.5,L,4/12/23,5.5,9.5,85,Y,,
H-10,2146,PINPAL,5.9,a,6.3,L,4/12/23,3.3,6.3,100,Y,,
H-10,2148,PINPAL,8.6,a,8.5,L,4/12/23,3.4,8.5,99,Y,,
H-10,2149,PINPAL,5.5,a,6.5,L,4/12/23,4.5,6.5,100,Y,,
H-10,2150,PINPAL,2.6,a,3,L,4/12/23,1.8,3,100,Y,,
H-10,2151,PINPAL,8.3,a,4.2,L,4/12/23,3.6,4.2,95,Y,,
H-10,2154,PINPAL,3.9,a,4.2,L,4/12/23,2.5,4.2,100,Y,,
H-10,2155,PINPAL,3,a,3.4,L,4/12/23,2.2,3.4,100,Y,,
H-10,2156,PINPAL,44.8,z,24.4,L,4/5/23,11.8,24,75,NA,,
H-10,2161,PINPAL,20.5,z,16.8,L,4/5/23,4.5,14.1,75,NA,,
H-10,2163,PINPAL,3.6,a,3.7,L,4/12/23,2.4,3.7,100,Y,,
H-10,2164,PINPAL,7.5,a,8.5,L,4/12/23,4.3,8.5,90,Y,,
H-10,2166,PINPAL,5.4,a,6.6,L,4/12/23,3.3,6.6,95,Y,,
H-10,2167,PINPAL,2.9,a,3.6,L,4/12/23,3.2,3.6,100,Y,,
H-10,2172,PINPAL,50.6,z,23.6,L,4/5/23,11.4,23.6,35,NA,,
H-10,2174,PINPAL,7.2,a,8.8,L,4/12/23,4.3,8.8,65,NA,,
H-10,2175,PINPAL,3.2,a,4.7,L,4/12/23,2.5,4.7,90,Y,,
H-10,2177,PINPAL,4.5,a,5.9,L,4/12/23,3,5.9,90,Y,,
H-10,2178,PINPAL,8,a,10.5,L,4/12/23,6.2,10,40,Y,,
H-10,2179,PINPAL,4.5,a,5.7,L,4/12/23,3.5,5.7,95,NA,,
H-10,2180,PINPAL,8.3,a,10.5,L,4/12/23,5,10.5,85,Y,,
H-10,2181,PINPAL,5.8,a,8,L,4/12/23,4.5,8,85,Y,,
H-10,2182,PINPAL,8,a,9.4,L,4/12/23,4.2,9.4,85,Y,,
H-10,2183,PINPAL,3.5,a,4.1,L,4/12/23,3.6,4.1,100,Y,,
H-10,2184,PINPAL,4.5,a,9.5,L,4/12/23,4.2,9.5,85,Y,,
H-10,2185,PINPAL,3.6,a,3.6,L,4/12/23,3.2,3.6,100,Y,,
H-10,2186,PINPAL,8.9,a,9.8,L,4/12/23,3.4,9.8,95,Y,,
H-10,2187,PINPAL,4.7,a,6.1,L,4/12/23,4.3,6.1,100,Y,,
H-10,2188,PINPAL,5.5,a,6.2,L,4/12/23,3.9,6.2,85,Y,,
H-10,2189,PINPAL,3.2,a,4.4,L,4/12/23,3.6,4.4,95,Y,,
H-10,2190,PINPAL,3.8,a,4.3,L,4/12/23,2.9,4.3,90,Y,,
H-10,2191,PINPAL,6.9,a,9,L,4/12/23,4.9,9,85,Y,,
H-10,2192,PINPAL,2.5,a,3,L,4/12/23,2.2,3,100,Y,,
H-10,2193,PINPAL,9.5,a,10,L,4/12/23,4.5,7.4,35,NA,,
H-10,2194,PINPAL,3.4,a,4.8,L,4/12/23,2.8,4.8,95,Y,,
H-10,2195,PINPAL,8.5,a,9.9,L,4/12/23,4.7,8,30,NA,,
H-10,2301,PINPAL,3.8,a,5,L,4/12/23,3.3,5,30,NA,,
H-10,2303,PINPAL,3.5,a,3.6,L,4/12/23,3.1,3.6,100,Y,,
H-12,8404,PINPAL,2.6,a,3.2,L,4/13/23,2.8,3.2,100,Y,,
H-12,8406,PINPAL,5.6,a,6.6,L,4/13/23,3.3,6.6,100,Y,,
H-12,8411,PINPAL,3,a,3,L,4/13/23,1.9,3,100,Y,,
H-12,8412,PINPAL,3.7,a,4.2,L,4/13/23,2.8,4.2,100,Y,,
H-12,8413,PINPAL,6,a,5.8,L,4/13/23,2.9,5.8,100,Y,,
H-12,8429,PINPAL,9.9,a,10.5,L,4/13/23,3.7,10.5,100,Y,,
H-12,8430,PINPAL,2.7,a,3,L,4/13/23,2.5,3,100,Y,,
H-12,8434,PINPAL,4.4,a,3.2,L,4/13/23,2.2,3.2,100,Y,,
H-12,8436,PINPAL,4.4,a,3,L,4/13/23,2.4,3,100,Y,,
H-12,8437,PINPAL,4.5,a,4.5,L,4/13/23,3.4,4.5,100,Y,,
H-12,8439,PINPAL,3.5,a,2.8,L,4/13/23,2.1,2.8,100,Y,,
H-12,8441,PINPAL,3.8,a,2.8,L,4/13/23,2.3,2.8,100,N,,
H-12,8442,PINPAL,2.7,a,2.6,L,4/13/23,1.8,2.6,100,Y,,
H-12,8448,PINPAL,5.2,a,6.7,L,4/13/23,3.8,6.7,100,Y,,
H-12,8450,PINPAL,3.1,a,3.3,L,4/13/23,3.2,3.3,100,Y,,
H-12,8459,PINPAL,6.7,a,8.8,L,4/13/23,3.9,8.8,100,Y,,
H-12,8464,PINPAL,4.5,a,4.4,L,4/13/23,2.7,4.4,100,Y,,
H-12,8465,PINPAL,5,a,5.8,L,4/13/23,3.1,5.8,100,Y,,
H-12,8468,PINPAL,3.9,a,3.8,L,4/13/23,2.8,3.8,100,Y,,
H-12,8470,PINPAL,7.9,a,7.7,L,4/13/23,4,7.7,100,Y,,
H-12,8481,PINPAL,3.9,a,5.1,L,4/13/23,2.8,5.1,100,Y,burnt needles,
H-12,8482,PINPAL,2.6,a,1.9,L,4/13/23,1.1,1.9,100,Y,burnt needles,
H-12,8484,PINPAL,2,a,1.7,L,4/13/23,1.9,2.1,100,Y,,
H-12,8485,PINPAL,6.4,a,7.5,L,4/13/23,3,7.5,100,Y,,
H-12,8487,PINPAL,4.5,a,5.8,L,4/13/23,2.6,5.8,100,Y,,
H-12,8488,PINPAL,2.6,a,2,L,4/13/23,1.8,2,100,Y,burnt needles,
H-12,8489,PINPAL,3.1,a,3.9,L,4/13/23,2.7,3.9,100,Y,burnt needles,
H-12,8490,PINPAL,3.4,a,3.9,L,4/13/23,3.2,3.9,100,Y,,
H-12,8491,PINPAL,4.1,a,4,L,4/13/23,3,4,100,Y,,
H-12,8474,PINPAL,13.7,y,9.6,L,4/13/23,5.2,9.6,100,NA,,
H-12,8477,PINPAL,17.4,y,11.8,L,4/13/23,6,11.8,100,NA,,
H-12,8401,PINPAL,6.7,a,7.5,L,4/13/23,3.2,7.5,99,Y,,
H-12,8403,PINPAL,9.2,a,9.3,L,4/13/23,3.6,9.3,99,Y,,
H-12,8425,PINPAL,6.4,a,6.8,L,4/13/23,3.7,6.8,99,Y,,
H-12,8428,PINPAL,8,a,9.9,L,4/13/23,4.7,9.9,99,NA,,
H-12,8432,PINPAL,5.2,a,6.3,L,4/13/23,3,6.3,99,Y,,
H-12,8449,PINPAL,6.4,a,5.7,L,4/13/23,4,5.7,99,Y,,
H-12,8466,PINPAL,7,a,6.5,L,4/13/23,2.3,6.5,99,Y,,
H-12,8483,PINPAL,6.5,a,9.2,L,4/13/23,4.1,9.2,99,Y,,
H-12,8492,PINPAL,4.8,a,6.4,L,4/13/23,2.8,6.4,99,Y,,
H-12,8501,PINPAL,5.2,a,6.1,L,4/13/23,3.9,6.1,99,Y,,
H-12,8421,PINPAL,7.4,a,8.6,L,4/13/23,3.5,8.6,95,Y,,
H-12,8422,PINPAL,7.1,a,8.1,L,4/13/23,4,8.1,95,Y,,
H-12,8423,PINPAL,9.9,a,9.2,L,4/13/23,4.5,9.2,95,Y,,
H-12,8426,PINPAL,7.1,a,8.8,L,4/13/23,3,8.8,95,Y,,
H-12,8446,PINPAL,4,a,4.9,L,4/13/23,3.2,4.9,95,Y,,
H-12,8502,PINPAL,6.6,a,9.8,L,4/13/23,5,9.8,95,Y,,
H-12,8427,PINPAL,11.6,y,12.4,L,4/13/23,7.1,12.4,95,NA,,
H-12,8471,PINPAL,22.7,z,14.9,L,4/5/23,4.2,15.1,95,NA,,
H-12,8476,PINPAL,31.2,z,21.6,L,4/5/23,6.9,18,95,NA,no tag,
H-12,8424,PINPAL,6.3,a,8.2,L,4/13/23,3.3,8.2,90,Y,,
H-12,8440,PINPAL,5.9,a,6.6,L,4/13/23,2.8,6.6,90,Y,,
H-12,8409,PINPAL,6.4,a,6.7,L,4/13/23,3.6,6.7,85,Y,,
H-12,8458,PINPAL,8.5,a,9.1,L,4/13/23,3.5,9.1,85,Y,,
H-12,8495,PINPAL,6.1,a,7,L,4/13/23,3.3,7,85,Y,,
H-12,8447,PINPAL,7.4,a,8.6,L,4/13/23,3.2,8.6,80,Y,,
H-12,8461,PINPAL,7.3,a,9.6,L,4/13/23,4.2,9.6,80,Y,,
H-12,8504,PINPAL,9.8,a,10.9,L,4/13/23,4.1,10.9,80,Y,,
H-12,8452,PINPAL,6.2,a,8.2,L,4/13/23,3.3,8.2,75,Y,,
H-12,8416,PINPAL,11.5,y,11,L,4/13/23,5.2,10.8,75,NA,,
H-12,8475,PINPAL,23.8,z,19.1,L,4/5/23,6.8,19.1,75,NA,,
H-12,8417,PINPAL,10.8,y,11.2,L,4/13/23,6.6,10.8,60,NA,,
H-12,8457,PINPAL,10.5,y,11.8,L,4/13/23,7.3,10.2,60,NA,,
H-12,8478,PINPAL,26.5,z,19.8,L,4/5/23,12,19.1,60,NA,,
H-12,8496,PINPAL,8.1,a,9.5,L,4/13/23,4.7,9.5,55,Y,,
H-12,8431,PINPAL,30.2,z,16.9,L,4/5/23,6.4,15.9,40,NA,,
H-12,8420,PINPAL,10.2,y,9.6,L,4/13/23,5.7,7.5,35,NA,,
H-12,8500,PINPAL,16.5,y,9.9,L,4/13/23,4.4,7.8,30,NA,,
H-12,8462,PINPAL,23.6,z,17.2,L,4/5/23,7.5,13.3,25,NA,,
H-12,8479,PINPAL,35,z,20.4,L,4/5/23,7.6,19.9,25,NA,,
H-12,8456,PINPAL,21.5,z,15.4,L,4/5/23,5.7,11.1,20,NA,,
H-12,8418,PINPAL,10.5,y,11,L,4/13/23,8,9.2,10,NA,,
H-12,8503,PINPAL,22.2,z,16.3,L,4/5/23,6.7,6.9,10,NA,,
H-12,8451,PINPAL,12.9,y,13.3,L,4/13/23,5.8,7.9,5,NA,,
H-12,8453,PINPAL,15.3,y,14.3,L,4/13/23,6.9,9.1,5,NA,,
H-12,8460,PINPAL,18.6,y,17.3,L,4/13/23,8.7,14,5,NA,,
H-12,8499,PINPAL,16.7,y,17.4,L,4/13/23,9.4,9.7,5,NA,,
H-12,8497,PINPAL,23,z,17.8,L,4/5/23,6.8,7.5,5,NA,,
H-12,8498,PINPAL,18.7,y,17.3,L,4/13/23,11.4,X,0,NA,,
K-04,4320,PINPAL,3.1,a,4,L,4/12/23,2.8,4,100,Y,,
K-04,4334,PINPAL,5.9,a,5.9,L,4/12/23,2.3,5.9,99,Y,,
K-04,4335,PINPAL,4.8,a,4.3,L,4/12/23,4,4.3,99,Y,,
K-04,4336,PINPAL,6.7,a,5.6,L,4/12/23,3,5.6,99,Y,,
K-04,4340,PINPAL,39.7,z,19.5,L,4/4/23,8.9,18.5,15,NA,,
K-04,4353,PINPAL,32.2,z,18.4,L,4/4/23,9.6,16.7,15,NA,,
K-04,4355,PINPAL,20.2,z,13.5,L,4/4/23,7.6,12.1,15,NA,,
K-04,4339,PINPAL,40.4,z,21.5,L,4/4/23,6.7,17.5,10,NA,,
K-04,4354,PINPAL,35.7,z,20,L,4/4/23,11.2,19,10,NA,,
K-04,4321,PINPAL,44.5,z,25.5,L,4/4/23,9.6,21.9,5,NA,,
K-05,196,PINPAL,7.4,a,6.9,L,4/12/23,3.1,4.7,1-5,NA,,
K-05,266,PINPAL,8,a,10,L,4/12/23,5.2,5.4,1-5,NA,,
K-05,267,PINPAL,5.6,a,4.5,L,4/12/23,2.8,3.4,1-5,Y,,
K-05,239,PINPAL,12.7,y,13.1,L,4/4/23,5.5,8.1,1-5,NA,,
K-05,241,PINPAL,10.2,y,11,L,4/4/23,4.2,6.5,1-5,NA,,
K-05,250,PINPAL,12.3,y,12.2,L,4/4/23,4.8,6,1-5,NA,,
K-05,220,PINPAL,22.7,z,17.6,L,4/4/23,7.2,9.4,1-5,NA,,
K-05,221,PINPAL,21.4,z,18.4,L,4/4/23,10.6,12.2,1-5,NA,,
K-05,222,PINPAL,21.4,z,16.6,L,4/4/23,5,7.3,1-5,NA,,
K-05,206,PINPAL,11.5,y,11.6,L,4/12/23,5,5,<1,NA,,
K-05,195,PINPAL,6.2,a,6,L,4/12/23,2,6,99,Y,,
K-05,213,PINPAL,2,a,1.9,L,4/12/23,1.1,1.9,99,Y,,
K-05,203,PINPAL,2.8,a,2.8,L,4/12/23,2.8,2.8,95,Y,,
K-05,208,PINPAL,3.1,a,3,L,4/12/23,1.3,3,95,Y,,
K-05,274,PINPAL,2.8,a,3.1,L,4/12/23,2.3,3.1,95,Y,,
K-05,252,PINPAL,5.7,a,5.9,L,4/12/23,2.2,5.9,80,Y,,
K-05,247,PINPAL,3,a,3.2,L,4/12/23,1.9,3.2,75,Y,,
K-05,243,PINPAL,5.3,a,5.7,L,4/12/23,2.8,5.7,70,NA,,
K-05,205,PINPAL,2.6,a,2.2,L,4/12/23,1.7,2.2,65,NA,,
K-05,210,PINPAL,3.5,a,4.8,L,4/12/23,2.5,4.8,50,Y,,
K-05,244,PINPAL,6,a,6.7,L,4/12/23,3.2,4.9,40,NA,,
K-05,269,PINPAL,6.6,a,8.5,L,4/12/23,2.8,7.1,40,NA,,
K-05,265,PINPAL,2.2,a,1.9,L,4/12/23,1.6,1.9,30,N,,
K-05,232,PINPAL,3.3,a,3.5,L,4/12/23,1.9,3.5,25,NA,,
K-05,197,PINPAL,9.3,a,9.8,L,4/12/23,3.4,8.2,20,NA,,
K-05,198,PINPAL,6.4,a,6,L,4/12/23,2.3,4.7,20,Y,,
K-05,211,PINPAL,4.3,a,6.4,L,4/12/23,2.6,4.5,20,Y,,
K-05,235,PINPAL,2.7,a,2.4,L,4/12/23,2,2.4,20,Y,,
K-05,275,PINPAL,3.7,a,4.5,L,4/12/23,2.5,4.7,20,NA,,
K-05,194,PINPAL,47.7,z,22.4,L,4/4/23,9.2,19.9,20,NA,,
K-05,268,PINPAL,8.5,a,10.9,L,4/12/23,5.6,7,15,NA,,
K-05,273,PINPAL,8.4,a,9.8,L,4/12/23,5,5.5,10,Y,,
K-05,257,PINPAL,37.7,z,19.4,L,4/4/23,7,19.4,10,NA,,
K-05,234,PINPAL,3,a,3.1,L,4/12/23,2,3.1,5,Y,,
K-05,236,PINPAL,3.2,a,2.9,L,4/12/23,1.5,2.9,5,Y,,
K-05,240,PINPAL,7.5,a,7.6,L,4/12/23,3.2,4,5,NA,,
K-05,251,PINPAL,6.6,a,9.6,L,4/12/23,4.1,5.1,5,NA,,
K-05,228,PINPAL,11.6,y,11.4,L,4/4/23,4.5,7.5,5,NA,,
K-05,233,PINPAL,12.6,y,12.9,L,4/4/23,4.7,6,5,NA,burnt needles,
K-05,238,PINPAL,15.5,y,14.5,L,4/4/23,4.8,7.8,5,NA,,
K-05,242,PINPAL,13.8,y,11.8,L,4/4/23,4.4,4.9,5,NA,,
K-05,254,PINPAL,13.3,y,12.4,L,4/4/23,3.9,6.1,5,NA,,
K-05,262,PINPAL,16,y,14.6,L,4/4/23,6.2,8.3,5,NA,,
K-05,271,PINPAL,13.7,y,13.3,L,4/4/23,6.3,8.9,5,NA,,
K-05,270,PINPAL,16.6,y,16.8,L,4/4/23,9.4,0,0,NA,,
L-04,14882,PINPAL,46.3,z,23.7,L,4/5/23,10.8,11.9,1-5,NA,,
L-04,14883,PINPAL,39.2,z,23.2,L,4/5/23,9.9,11.3,1-5,NA,,
L-04,14911,PINPAL,20,z,18.3,L,4/5/23,6.1,9,1-5,NA,,
L-04,14912,PINPAL,32.6,z,21.8,L,4/5/23,7.8,11,1-5,NA,,
L-04,14940,PINPAL,2.3,a,2.4,L,4/5/23,1.4,2.4,100,NA,,
L-04,14955,PINPAL,3.1,a,2.8,L,4/5/23,2.1,2.8,100,NA,,
L-04,14978,PINPAL,2.1,a,1.7,L,4/5/23,1.2,1.7,100,NA,,
L-04,14979,PINPAL,2.5,a,1.8,L,4/5/23,1.2,1.8,100,NA,,
L-04,14984,PINPAL,2,a,1.8,L,4/5/23,0.8,1.8,100,NA,,
L-04,14935,PINPAL,1.8,a,1.7,L,4/5/23,1.5,1.7,95,NA,,
L-04,14936,PINPAL,2.6,a,3.4,L,4/5/23,2.8,3.4,95,NA,,
L-04,14941,PINPAL,5.3,a,5.8,L,4/5/23,3,5.8,95,NA,,
L-04,14954,PINPAL,3.8,a,2.5,L,4/5/23,2.1,2.5,95,NA,,
L-04,14956,PINPAL,3.7,a,4.2,L,4/5/23,1.8,4.2,65,NA,,
L-04,14958,PINPAL,6.7,a,7.3,L,4/5/23,2.9,7.3,60,NA,,
L-04,14886,PINPAL,6.8,a,9.1,L,4/5/23,3.2,8.5,30,NA,,
L-04,14957,PINPAL,4.4,a,4.3,L,4/5/23,2.6,4.2,30,NA,,
L-04,14951,PINPAL,4.5,a,4.2,L,4/5/23,2.4,3.7,20,NA,,
L-04,14930,PINPAL,3,a,2.4,L,4/5/23,1.5,2,10,NA,,
L-04,14989,PINPAL,38.9,z,20.9,L,4/5/23,9.1,19.5,10,NA,,
L-04,14880,PINPAL,47.6,z,23.7,L,4/5/23,7.9,11.2,5,NA,,
L-04,14919,PINPAL,33.6,z,20.9,L,4/5/23,8.9,18.9,5,NA,,
L-04,14888,PINPAL,2.3,a,3.2,L,4/5/23,1.7,1.7,1,NA,,
L-04,14887,PINPAL,5.3,a,9.2,L,4/5/23,4.5,0,0,NA,,
L-04,14920,PINPAL,7,a,8.1,L,4/5/23,3.3,0,0,NA,,
L-04,14889,PINPAL,31.7,z,19.7,L,4/5/23,6,X,0,NA,,
L-04,14910,PINPAL,24.8,z,17.4,L,4/5/23,10.3,X,0,NA,,
L-05,14674,PINPAL,3.7,a,2.4,L,4/12/23,2.2,2.7,1-5,NA,,
L-05,14696,PINPAL,9.3,a,9,L,4/12/23,3.5,6,1-5,NA,,
L-05,14653,PINPAL,4.9,a,6,L,4/12/23,2.7,3.9,<1,Y,,
L-05,14828,PINPAL,2.6,a,3.1,L,4/12/23,2.1,3.1,100,Y,,
L-05,14678,PINPAL,3.5,a,4.3,L,4/12/23,1.8,3.4,25,NA,,
L-05,14676,PINPAL,7.7,a,8.3,L,4/12/23,4.2,7.9,20,NA,,
L-05,14679,PINPAL,3.2,a,3.4,L,4/12/23,2.1,3.4,20,Y,,
L-05,14680,PINPAL,3.6,a,4.8,L,4/12/23,3.1,3.9,20,Y,,
L-05,14812,PINPAL,4.5,a,6.4,L,4/12/23,3.4,6.4,15,Y,,
L-05,14673,PINPAL,3.2,a,3.1,L,4/12/23,1.8,2.8,10,Y,,
L-05,14652,PINPAL,16.9,y,15.3,L,4/4/23,5.8,16.9,10,NA,,
L-05,14813,PINPAL,3.3,a,2,L,4/12/23,1.7,1.7,5,Y,leaning,
L-05,14814,PINPAL,4.1,a,5.2,L,4/12/23,2,3.7,5,NA,,
L-05,14649,PINPAL,13.2,y,13.4,L,4/4/23,5.5,13.4,5,NA,,
L-05,14655,PINPAL,24.3,z,14.2,L,4/4/23,6.2,7.4,5,NA,,
L-05,14700,PINPAL,13.2,y,13.4,L,4/4/23,6,6,1,NA,,
L-05,14804,PINPAL,19.3,y,17.3,L,4/4/23,9.1,13.6,1,NA,,
L-05,14694,PINPAL,27.6,z,8.4,L,4/4/23,5,7.1,1,NA,,
L-05,14648,PINPAL,4.2,a,12.3,L,4/12/23,2.8,X,0,Y,,
L-05,14675,PINPAL,6.2,a,7.3,L,4/12/23,2.4,X,0,NA,,
L-05,14683,PINPAL,8.7,a,10.2,L,4/12/23,4.1,X,0,NA,,
L-05,14685,PINPAL,3.3,a,4.5,L,4/12/23,2.6,X,0,Y,,
L-05,14677,PINPAL,10.6,y,12.5,L,4/4/23,5.1,X,0,NA,,
L-05,14807,PINPAL,17.5,y,15,L,4/4/23,6.5,X,0,NA,,
L-05,14656,PINPAL,40.8,z,20.7,L,4/4/23,11.6,X,0,NA,,
L-05,14660,PINPAL,24.2,z,15.3,L,4/4/23,8.4,X,0,NA,,
L-05,14669,PINPAL,34.7,z,18.1,L,4/4/23,9.5,X,0,NA,,
L-05,14670,PINPAL,36.4,z,16,L,4/4/23,8.2,X,0,NA,,
L-05,14672,PINPAL,26.4,z,22.9,L,4/4/23,13.5,X,0,NA,,
L-06,15055,PINPAL,4.5,a,5.9,L,4/12/23,2.2,3,1-5,NA,,
L-06,15064,PINPAL,3,a,3.5,L,4/12/23,2.4,3.5,50,Y,,
L-06,15006,PINPAL,6.3,a,8.5,L,4/12/23,3.9,4.4,10,NA,,
L-06,15061,PINPAL,4.1,a,4.8,L,4/12/23,3.4,X,0,Y,,
L-06,15063,PINPAL,6.2,a,8.1,L,4/12/23,3.6,X,0,Y,,
L-06,15062,PINPAL,11.4,y,14.9,L,4/12/23,9.4,X,0,NA,,
L-06,15075,PINPAL,16.7,y,17.4,L,4/12/23,8.7,X,0,NA,,
L-06,15076,PINPAL,16.5,y,16.5,L,4/12/23,8.6,X,0,NA,,
L-06,15013,PINPAL,22.1,z,19.4,L,4/12/23,9.6,X,0,NA,,
L-06,15016,PINPAL,34.4,z,18,L,4/12/23,9.2,X,0,NA,,
L-06,15017,PINPAL,20.9,z,15.8,L,4/12/23,13.5,X,0,NA,,
L-06,15065,PINPAL,22.1,z,18.8,L,4/12/23,10.5,X,0,NA,,
L-06,15070,PINPAL,40.7,z,18.3,L,4/12/23,9.7,X,0,NA,,
M-04,15591,PINPAL,7.3,a,8.8,L,4/12/23,5.6,6.1,1-5,NA,,
M-04,15576,PINPAL,3.4,a,2.7,L,4/12/23,2.3,2.7,25,Y,,
M-04,15366,PINPAL,4.7,a,6.9,L,4/12/23,3.8,6.9,5,NA,,
M-04,15372,PINPAL,9,a,12.5,L,4/12/23,4.3,5.6,5,NA,,
M-04,15577,PINPAL,4.7,a,5.5,L,4/12/23,2.9,2.9,5,NA,,
M-04,15578,PINPAL,4.7,a,4,L,4/12/23,1.8,3.6,5,NA,,
M-04,15581,PINPAL,3,a,3.4,L,4/12/23,2.7,3.4,5,Y,,
M-04,15582,PINPAL,5.2,a,5.9,L,4/12/23,4.9,X,0,NA,,
M-04,15549,PINPAL,40.6,z,20.2,L,4/12/23,10.4,X,0,NA,,
M-04,15550,PINPAL,49.4,z,23.9,L,4/12/23,11.2,X,0,NA,,
M-05,15739,PINPAL,5.5,a,7.5,L,4/12/23,4,4.3,1-5,NA,,
M-05,15744,PINPAL,5,a,6.3,L,4/12/23,2.7,4.2,1-5,NA,,
M-05,15743,PINPAL,2.7,a,2.7,L,4/12/23,1.8,2.7,45,NA,,
M-05,15731,PINPAL,5.2,a,6.1,L,4/12/23,2.8,4.6,15,Y,,
M-05,15733,PINPAL,3.6,a,4.8,L,4/12/23,2.8,3.7,15,NA,,
M-05,15732,PINPAL,5,a,5.4,L,4/12/23,2.6,5.4,10,Y,,
M-05,15597,PINPAL,8.7,a,7.9,L,4/12/23,4.6,4.4,5,NA,,
M-05,15703,PINPAL,4.1,a,7.6,L,4/12/23,3.7,4.7,5,NA,,
M-05,15740,PINPAL,3.1,a,3.1,L,4/12/23,1.6,2.7,5,NA,,
M-05,15741,PINPAL,3.6,a,4,L,4/12/23,2.4,3.8,5,NA,,
M-05,15769,PINPAL,2.2,a,2.7,L,4/12/23,1.8,2.3,5,Y,,
M-05,15770,PINPAL,4.3,a,5.7,L,4/12/23,3.2,4,5,NA,,
M-05,15772,PINPAL,4.4,a,5.5,L,4/12/23,2.8,3.8,5,NA,,
M-05,15773,PINPAL,3.2,a,2.9,L,4/12/23,1.6,2.9,5,NA,,
M-05,15774,PINPAL,5.5,a,5.2,L,4/12/23,2.1,5,5,Y,,
M-05,15771,PINPAL,4.2,a,5.4,L,4/12/23,3.1,3.1,1,NA,,
M-05,15747,PINPAL,9.1,a,12.2,L,4/12/23,6,X,0,NA,,
M-05,15777,PINPAL,2.5,a,2.8,L,4/12/23,1.6,X,0,NA,,
M-05,15736,PINPAL,54.1,z,23.3,L,4/12/23,9.9,X,0,NA,,
M-06,15838,PINPAL,7.4,a,10.1,L,4/12/23,4.7,5.7,1-5,Y,,
M-06,15859,PINPAL,9.7,a,11.1,L,4/12/23,7.2,9.8,1-5,NA,,
M-06,15694,PINPAL,1.9,a,1.9,L,4/12/23,1.4,1.9,<1,Y,,
M-06,15809,PINPAL,3.7,a,3.1,L,4/12/23,2.6,3.1,100,Y,,
M-06,15835,PINPAL,4,a,4.2,L,4/12/23,3.3,4.2,80,NA,,
M-06,15823,PINPAL,5.4,a,7.7,L,4/12/23,4.4,7.1,75,Y,,
M-06,15858,PINPAL,4.7,a,5.6,L,4/12/23,3.2,5.6,75,NA,,
M-06,15813,PINPAL,7.9,a,7.4,L,4/12/23,4.2,7.4,50,Y,,
M-06,15866,PINPAL,7.1,a,8.6,L,4/12/23,5.7,8,35,NA,,
M-06,15877,PINPAL,4.4,a,3.6,L,4/12/23,1.7,3.6,30,NA,,
M-06,15678,PINPAL,2.1,a,2,L,4/12/23,2.4,2.6,25,Y,,
M-06,15814,PINPAL,9.4,a,11.7,L,4/12/23,3.8,6.5,25,Y,,
M-06,15839,PINPAL,7.5,a,8.5,L,4/12/23,4.1,5.9,20,Y,,
M-06,15860,PINPAL,4.9,a,6.1,L,4/12/23,3,5.5,15,Y,,
M-06,15876,PINPAL,7,a,8.9,L,4/12/23,4.5,8.9,15,Y,,
M-06,15834,PINPAL,6.4,a,3.2,L,4/12/23,3.1,3,10,Y,bent down towards ground,
M-06,15863,PINPAL,5,a,5.5,L,4/12/23,2.8,4.4,10,Y,,
M-06,15833,PINPAL,5.5,a,6.4,L,4/12/23,3.5,4.4,5,Y,,
M-06,15837,PINPAL,6.6,a,7.9,L,4/12/23,4.7,5.9,5,NA,,
M-06,15864,PINPAL,7.6,a,10.1,L,4/12/23,5.4,5.5,5,NA,,
M-06,15874,PINPAL,16.4,y,16.6,L,4/4/23,8.8,8.9,5,NA,,
M-06,15875,PINPAL,15.7,y,15.9,L,4/4/23,9.7,8.7,5,NA,,
M-06,15862,PINPAL,5.5,a,8.1,L,4/12/23,5,5.2,1,Y,,
M-06,15868,PINPAL,6.3,a,10.4,L,4/12/23,5.8,X,0,NA,,
M-06,15815,PINPAL,18.6,y,17.5,L,4/4/23,8.8,X,0,NA,,
M-06,15822,PINPAL,17.8,y,17.1,L,4/4/23,8,X,0,NA,,
M-06,15836,PINPAL,13.9,y,15.3,L,4/4/23,7.1,X,0,NA,,
M-06,15861,PINPAL,12.4,y,13.5,L,4/4/23,7.6,X,0,NA,,
M-06,15867,PINPAL,16.2,y,16.7,L,4/4/23,7.2,X,0,NA,,
M-06,15801,PINPAL,47.1,z,24.4,L,4/4/23,11.7,X,0,NA,,
M-06,15812,PINPAL,22.8,z,19.5,L,4/4/23,11,X,0,NA,,
M-06,15819,PINPAL,48.6,z,25.9,L,4/4/23,12.8,X,0,NA,,
,,,,,,,,,,,,,
,,,,,,,,,,,,,
,,,,,,,,,,,,,
